"id","chara_card_id","feat_id"
1,1,1
2,2,2
3,2,4
4,3,2
5,3,4
6,3,7
7,4,2
8,4,5
9,4,8
10,5,2
11,5,5
12,5,8
13,5,10
14,6,2
15,6,5
16,6,8
17,6,10
18,7,3
19,7,5
20,7,8
21,7,10
22,8,3
23,8,6
24,8,8
25,8,10
26,9,3
27,9,6
28,9,9
29,9,10
30,10,3
31,10,6
32,10,9
33,10,12
34,11,13
35,12,14
36,12,16
37,13,14
38,13,16
39,13,19
40,14,14
41,14,16
42,14,20
43,15,14
44,15,16
45,15,20
46,15,22
47,16,14
48,16,16
49,16,20
50,16,22
51,17,15
52,17,16
53,17,20
54,17,22
55,18,15
56,18,18
57,18,20
58,18,22
59,19,15
60,19,18
61,19,21
62,19,22
63,20,15
64,20,18
65,20,21
66,20,24
67,21,25
68,22,26
69,22,28
70,23,26
71,23,28
72,23,31
73,24,26
74,24,29
75,24,32
76,25,26
77,25,29
78,25,32
79,25,34
80,26,26
81,26,29
82,26,32
83,26,34
84,27,27
85,27,29
86,27,32
87,27,34
88,28,27
89,28,30
90,28,32
91,28,34
92,29,27
93,29,30
94,29,33
95,29,34
96,30,27
97,30,30
98,30,33
99,30,36
100,31,37
101,32,38
102,32,40
103,33,38
104,33,40
105,33,43
106,34,38
107,34,41
108,34,44
109,35,38
110,35,41
111,35,44
112,35,46
113,36,38
114,36,41
115,36,44
116,36,46
117,37,39
118,37,41
119,37,44
120,37,46
121,38,39
122,38,42
123,38,44
124,38,46
125,39,39
126,39,42
127,39,45
128,39,46
129,40,39
130,40,42
131,40,45
132,40,48
133,41,49
134,42,49
135,42,52
136,43,49
137,43,52
138,43,55
139,44,49
140,44,53
141,44,56
142,45,49
143,45,53
144,45,56
145,45,58
146,46,49
147,46,53
148,46,56
149,46,58
150,47,51
151,47,53
152,47,56
153,47,58
154,48,51
155,48,54
156,48,56
157,48,58
158,49,51
159,49,54
160,49,57
161,49,58
162,50,51
163,50,54
164,50,57
165,50,60
166,51,61
167,52,61
168,52,64
169,53,61
170,53,64
171,53,67
172,54,61
173,54,64
174,54,68
175,55,61
176,55,64
177,55,68
178,55,70
179,56,61
180,56,64
181,56,68
182,56,70
183,57,63
184,57,64
185,57,68
186,57,70
187,58,63
188,58,66
189,58,68
190,58,70
191,59,63
192,59,66
193,59,69
194,59,70
195,60,63
196,60,66
197,60,69
198,60,72
199,61,73
200,62,73
201,62,76
202,63,73
203,63,76
204,63,79
205,64,73
206,64,76
207,64,79
208,65,73
209,65,76
210,65,79
211,65,82
212,66,73
213,66,76
214,66,79
215,66,82
216,67,75
217,67,76
218,67,79
219,67,82
220,68,75
221,68,78
222,68,79
223,68,82
224,69,75
225,69,78
226,69,81
227,69,82
228,70,75
229,70,78
230,70,81
231,70,84
232,71,85
233,72,86
234,72,88
235,73,86
236,73,88
237,73,91
238,74,86
239,74,89
240,74,92
241,75,86
242,75,89
243,75,92
244,75,94
245,76,86
246,76,89
247,76,92
248,76,94
249,77,87
250,77,89
251,77,92
252,77,94
253,78,87
254,78,90
255,78,92
256,78,94
257,79,87
258,79,90
259,79,93
260,79,94
261,80,87
262,80,90
263,80,93
264,80,96
265,81,97
266,82,98
267,82,100
268,83,98
269,83,100
270,83,103
271,84,98
272,84,100
273,84,103
274,85,98
275,85,100
276,85,103
277,85,106
278,86,98
279,86,100
280,86,103
281,86,106
282,87,99
283,87,100
284,87,103
285,87,106
286,88,99
287,88,102
288,88,103
289,88,106
290,89,99
291,89,102
292,89,105
293,89,106
294,90,99
295,90,102
296,90,105
297,90,108
298,91,109
299,92,109
300,92,112
301,93,109
302,93,112
303,93,115
304,94,109
305,94,113
306,94,116
307,95,109
308,95,113
309,95,116
310,95,118
311,96,109
312,96,113
313,96,116
314,96,118
315,97,111
316,97,113
317,97,116
318,97,118
319,98,111
320,98,114
321,98,116
322,98,118
323,99,111
324,99,114
325,99,117
326,99,118
327,100,111
328,100,114
329,100,117
330,100,120
331,1005,121
332,1006,122
333,1008,123
334,1009,124
335,1011,125
336,1012,126
337,1014,127
338,1015,128
339,1017,129
340,1018,130
341,1020,131
342,1021,132
343,1023,133
344,1024,134
345,1026,135
346,1027,136
347,1029,137
348,1030,138
349,1035,139
350,1036,140
351,1032,141
352,1033,142
353,1037,143
354,1038,144
355,1039,145
356,1040,146
357,1041,147
358,1042,148
359,1041,149
360,1042,150
361,101,151
362,102,151
363,102,154
364,103,152
365,103,154
366,103,157
367,104,152
368,104,155
369,104,157
370,105,152
371,105,155
372,105,158
373,105,160
374,106,152
375,106,155
376,106,158
377,106,160
378,107,153
379,107,155
380,107,158
381,107,160
382,108,153
383,108,156
384,108,158
385,108,160
386,109,153
387,109,156
388,109,159
389,109,160
390,110,153
391,110,156
392,110,159
393,110,162
394,111,163
395,112,163
396,112,166
397,113,164
398,113,166
399,113,169
400,114,164
401,114,167
402,114,169
403,115,164
404,115,167
405,115,170
406,115,172
407,116,164
408,116,167
409,116,170
410,116,172
411,117,165
412,117,167
413,117,170
414,117,172
415,118,165
416,118,168
417,118,170
418,118,172
419,119,165
420,119,168
421,119,171
422,119,172
423,120,165
424,120,168
425,120,171
426,120,174
427,1044,175
428,1045,176
429,1047,177
430,1048,178
431,1050,179
432,1051,180
433,1053,181
434,1054,182
435,1056,183
436,1057,184
437,1058,185
438,1059,186
439,1060,187
440,1059,188
441,1060,189
442,1061,190
443,1062,191
444,1063,192
445,1062,193
446,1063,194
447,1064,195
448,1065,196
449,1066,197
450,1065,198
451,1066,199
452,1066,200
453,20001,201
454,20001,202
455,20001,203
456,20001,204
457,1067,205
458,1068,206
459,1069,207
460,1068,208
461,1069,209
462,1070,210
463,1071,211
464,1072,212
465,1071,213
466,1072,214
467,1072,215
468,121,216
469,122,216
470,122,219
471,123,216
472,123,219
473,123,222
474,124,216
475,124,220
476,124,222
477,125,216
478,125,220
479,125,223
480,125,225
481,126,216
482,126,220
483,126,223
484,126,225
485,127,218
486,127,220
487,127,223
488,127,225
489,128,218
490,128,221
491,128,223
492,128,225
493,129,218
494,129,221
495,129,224
496,129,225
497,130,218
498,130,221
499,130,224
500,130,227
501,131,228
502,132,228
503,132,231
504,133,229
505,133,231
506,133,234
507,134,229
508,134,232
509,134,234
510,135,229
511,135,232
512,135,235
513,135,237
514,136,229
515,136,232
516,136,235
517,136,237
518,137,230
519,137,232
520,137,235
521,137,237
522,138,230
523,138,233
524,138,235
525,138,237
526,139,230
527,139,233
528,139,236
529,139,237
530,140,230
531,140,233
532,140,236
533,140,239
534,141,240
535,142,240
536,142,243
537,143,241
538,143,243
539,143,246
540,144,241
541,144,244
542,144,246
543,145,241
544,145,244
545,145,247
546,145,249
547,146,241
548,146,244
549,146,247
550,146,249
551,147,242
552,147,244
553,147,247
554,147,249
555,148,242
556,148,245
557,148,247
558,148,249
559,149,242
560,149,245
561,149,248
562,149,249
563,150,242
564,150,245
565,150,248
566,150,251
567,151,252
568,152,252
569,152,255
570,153,253
571,153,255
572,153,258
573,154,253
574,154,256
575,154,258
576,155,253
577,155,256
578,155,259
579,155,261
580,156,253
581,156,256
582,156,259
583,156,262
584,157,254
585,157,256
586,157,259
587,157,262
588,158,254
589,158,257
590,158,259
591,158,262
592,159,254
593,159,257
594,159,260
595,159,262
596,160,254
597,160,257
598,160,260
599,160,263
600,161,264
601,162,264
602,162,267
603,163,265
604,163,267
605,163,270
606,164,265
607,164,268
608,164,270
609,165,265
610,165,268
611,165,271
612,165,273
613,166,265
614,166,268
615,166,271
616,166,274
617,167,266
618,167,268
619,167,271
620,167,274
621,168,266
622,168,269
623,168,271
624,168,274
625,169,266
626,169,269
627,169,272
628,169,274
629,170,266
630,170,269
631,170,272
632,170,275
633,171,276
634,172,276
635,172,279
636,173,277
637,173,279
638,173,282
639,174,277
640,174,280
641,174,282
642,175,277
643,175,280
644,175,283
645,175,285
646,176,277
647,176,280
648,176,283
649,176,286
650,177,278
651,177,280
652,177,283
653,177,286
654,178,278
655,178,281
656,178,283
657,178,286
658,179,278
659,179,281
660,179,284
661,179,286
662,180,278
663,180,281
664,180,284
665,180,287
666,1074,288
667,1075,289
668,1077,290
669,1078,291
670,1079,292
671,1080,293
672,1081,294
673,1080,295
674,1081,296
675,1082,297
676,1083,298
677,1084,299
678,1083,300
679,1084,301
680,20002,302
681,20002,303
682,20002,304
683,20002,305
684,181,306
685,182,306
686,182,309
687,183,307
688,183,309
689,183,312
690,184,307
691,184,310
692,184,312
693,185,307
694,185,310
695,185,313
696,185,315
697,186,307
698,186,310
699,186,313
700,186,316
701,187,308
702,187,310
703,187,313
704,187,316
705,188,308
706,188,311
707,188,313
708,188,316
709,189,308
710,189,311
711,189,314
712,189,316
713,190,308
714,190,311
715,190,314
716,190,317
717,1085,318
718,1086,319
719,1087,320
720,1086,321
721,1087,322
722,1088,323
723,1089,324
724,1090,325
725,1089,326
726,1090,327
727,1091,328
728,1092,329
729,1093,330
730,1092,331
731,1093,332
732,1094,333
733,1095,334
734,1096,335
735,1095,336
736,1096,337
737,1096,338
738,1097,339
739,1098,340
740,1099,341
741,1098,342
742,1099,343
743,1099,344
744,1100,345
745,1101,346
746,1102,347
747,1101,348
748,1102,349
749,1102,350
750,20003,351
751,20003,352
752,20003,353
753,20003,354
754,191,355
755,192,355
756,192,358
757,193,356
758,193,358
759,193,361
760,194,356
761,194,359
762,194,361
763,195,356
764,195,359
765,195,362
766,195,364
767,196,356
768,196,359
769,196,362
770,196,365
771,197,357
772,197,359
773,197,362
774,197,365
775,198,357
776,198,360
777,198,362
778,198,365
779,199,357
780,199,360
781,199,363
782,199,365
783,200,357
784,200,360
785,200,363
786,200,366
787,201,367
788,202,367
789,202,370
790,203,368
791,203,370
792,203,373
793,204,368
794,204,371
795,204,373
796,205,368
797,205,371
798,205,374
799,205,376
800,206,368
801,206,371
802,206,374
803,206,377
804,207,369
805,207,371
806,207,374
807,207,377
808,208,369
809,208,372
810,208,374
811,208,377
812,209,369
813,209,372
814,209,375
815,209,377
816,210,369
817,210,372
818,210,375
819,210,378
820,211,379
821,212,379
822,212,382
823,213,380
824,213,382
825,213,385
826,214,380
827,214,383
828,214,385
829,215,380
830,215,383
831,215,386
832,215,388
833,216,380
834,216,383
835,216,386
836,216,389
837,217,381
838,217,383
839,217,386
840,217,389
841,218,381
842,218,384
843,218,386
844,218,389
845,219,381
846,219,384
847,219,387
848,219,389
849,220,381
850,220,384
851,220,387
852,220,390
853,221,391
854,222,391
855,222,394
856,223,392
857,223,394
858,223,397
859,224,392
860,224,395
861,224,397
862,225,392
863,225,395
864,225,398
865,225,400
866,226,392
867,226,395
868,226,398
869,226,401
870,227,393
871,227,395
872,227,398
873,227,401
874,228,393
875,228,396
876,228,398
877,228,401
878,229,393
879,229,396
880,229,399
881,229,401
882,230,393
883,230,396
884,230,399
885,230,402
886,20004,403
887,20004,404
888,231,405
889,232,405
890,232,408
891,233,406
892,233,408
893,233,411
894,234,406
895,234,409
896,234,411
897,235,406
898,235,409
899,235,412
900,235,414
901,236,406
902,236,409
903,236,412
904,236,415
905,237,407
906,237,409
907,237,412
908,237,415
909,238,407
910,238,410
911,238,412
912,238,415
913,239,407
914,239,410
915,239,413
916,239,415
917,240,407
918,240,410
919,240,413
920,240,416
921,241,417
922,242,417
923,242,420
924,243,418
925,243,420
926,243,423
927,244,418
928,244,421
929,244,423
930,245,418
931,245,421
932,245,424
933,245,426
934,246,418
935,246,421
936,246,424
937,246,427
938,247,419
939,247,421
940,247,424
941,247,427
942,248,419
943,248,422
944,248,424
945,248,427
946,249,419
947,249,422
948,249,425
949,249,427
950,250,419
951,250,422
952,250,425
953,250,428
954,251,429
955,252,429
956,252,432
957,253,430
958,253,432
959,253,435
960,254,430
961,254,433
962,254,435
963,255,430
964,255,433
965,255,436
966,255,438
967,256,430
968,256,433
969,256,436
970,256,439
971,257,431
972,257,433
973,257,436
974,257,439
975,258,431
976,258,434
977,258,436
978,258,439
979,259,431
980,259,434
981,259,437
982,259,439
983,260,431
984,260,434
985,260,437
986,260,440
987,271,441
988,272,441
989,272,444
990,273,442
991,273,444
992,273,447
993,274,442
994,274,445
995,274,447
996,275,442
997,275,445
998,275,448
999,275,450
1000,276,442
1001,276,445
1002,276,448
1003,276,451
1004,277,443
1005,277,445
1006,277,448
1007,277,451
1008,278,443
1009,278,446
1010,278,448
1011,278,451
1012,279,443
1013,279,446
1014,279,449
1015,279,451
1016,280,443
1017,280,446
1018,280,449
1019,280,452
1020,281,457
1021,282,457
1022,282,460
1023,283,458
1024,283,460
1025,283,463
1026,284,458
1027,284,461
1028,284,463
1029,285,458
1030,285,461
1031,285,464
1032,285,466
1033,286,458
1034,286,461
1035,286,464
1036,286,467
1037,287,459
1038,287,461
1039,287,464
1040,287,467
1041,288,459
1042,288,462
1043,288,464
1044,288,467
1045,289,459
1046,289,462
1047,289,465
1048,289,467
1049,290,459
1050,290,462
1051,290,465
1052,290,468
1053,291,469
1054,292,469
1055,292,472
1056,293,470
1057,293,472
1058,293,475
1059,294,470
1060,294,473
1061,294,475
1062,295,470
1063,295,473
1064,295,476
1065,295,478
1066,296,470
1067,296,473
1068,296,476
1069,296,479
1070,297,471
1071,297,473
1072,297,476
1073,297,479
1074,298,471
1075,298,474
1076,298,476
1077,298,479
1078,299,471
1079,299,474
1080,299,477
1081,299,479
1082,300,471
1083,300,474
1084,300,477
1085,300,480
1086,20005,453
1087,20006,454
1088,20006,455
1089,20006,456
1090,1103,481
1091,1104,482
1092,1105,483
1093,1104,484
1094,1105,485
1095,1106,486
1096,1107,487
1097,1108,488
1098,1107,489
1099,1108,490
1100,1109,491
1101,1110,492
1102,1111,493
1103,1110,494
1104,1111,495
1105,1111,496
1106,1112,497
1107,1113,498
1108,1114,499
1109,1113,500
1110,1114,501
1111,1114,502
1112,1115,503
1113,1116,504
1114,1117,505
1115,1116,506
1116,1117,507
1117,1117,508
1118,1118,509
1119,1119,510
1120,1120,511
1121,1119,512
1122,1120,513
1123,1120,514
1124,1121,515
1125,1122,516
1126,1123,517
1127,1122,518
1128,1123,519
1129,1123,520
1130,1124,521
1131,1125,522
1132,1126,523
1133,1124,524
1134,1125,525
1135,1126,526
1136,1125,527
1137,1126,528
1138,1126,529
1139,20007,530
1140,20007,531
1141,20007,532
1142,20007,533
1143,20008,534
1144,20008,535
1145,20008,536
1146,20008,537
1147,20009,538
1148,20009,539
1149,20009,540
1150,20010,541
1151,20010,542
1152,20010,868
1153,20011,544
1154,20011,545
1155,20011,546
1156,20011,547
1157,261,548
1158,262,548
1159,262,551
1160,263,549
1161,263,551
1162,263,554
1163,264,549
1164,264,552
1165,264,554
1166,265,549
1167,265,552
1168,265,555
1169,265,557
1170,266,549
1171,266,552
1172,266,555
1173,266,558
1174,267,550
1175,267,552
1176,267,555
1177,267,558
1178,268,550
1179,268,553
1180,268,555
1181,268,558
1182,269,550
1183,269,553
1184,269,556
1185,269,558
1186,270,550
1187,270,553
1188,270,556
1189,270,559
1190,301,560
1191,302,560
1192,302,563
1193,303,561
1194,303,563
1195,303,566
1196,304,561
1197,304,564
1198,304,566
1199,305,561
1200,305,564
1201,305,567
1202,305,569
1203,306,561
1204,306,564
1205,306,567
1206,306,570
1207,307,562
1208,307,564
1209,307,567
1210,307,570
1211,308,562
1212,308,565
1213,308,567
1214,308,570
1215,309,562
1216,309,565
1217,309,568
1218,309,570
1219,310,562
1220,310,565
1221,310,568
1222,310,571
1223,311,572
1224,312,572
1225,312,575
1226,313,573
1227,313,575
1228,313,578
1229,314,573
1230,314,576
1231,314,578
1232,315,573
1233,315,576
1234,315,579
1235,315,581
1236,316,573
1237,316,576
1238,316,579
1239,316,582
1240,317,574
1241,317,576
1242,317,579
1243,317,582
1244,318,574
1245,318,577
1246,318,579
1247,318,582
1248,319,574
1249,319,577
1250,319,580
1251,319,582
1252,320,574
1253,320,577
1254,320,580
1255,320,583
1256,321,584
1257,322,584
1258,322,587
1259,323,585
1260,323,587
1261,323,590
1262,324,585
1263,324,588
1264,324,590
1265,325,585
1266,325,588
1267,325,591
1268,325,593
1269,326,585
1270,326,588
1271,326,591
1272,326,594
1273,327,586
1274,327,588
1275,327,591
1276,327,594
1277,328,586
1278,328,589
1279,328,591
1280,328,594
1281,329,586
1282,329,589
1283,329,592
1284,329,594
1285,330,586
1286,330,589
1287,330,592
1288,330,595
1289,1127,596
1290,1128,597
1291,1129,598
1292,1128,599
1293,1129,600
1294,1129,601
1295,1130,602
1296,1131,603
1297,1132,604
1298,1130,605
1299,1131,606
1300,1132,607
1301,1131,608
1302,1132,609
1303,1132,610
1304,1133,611
1305,1134,612
1306,1135,613
1307,1133,614
1308,1134,615
1309,1135,616
1310,1134,617
1311,1135,618
1312,1135,619
1313,331,620
1314,332,620
1315,332,623
1316,333,621
1317,333,623
1318,333,626
1319,334,621
1320,334,624
1321,334,626
1322,335,621
1323,335,624
1324,335,627
1325,335,629
1326,336,621
1327,336,624
1328,336,627
1329,336,630
1330,337,622
1331,337,624
1332,337,627
1333,337,630
1334,338,622
1335,338,625
1336,338,627
1337,338,630
1338,339,622
1339,339,625
1340,339,628
1341,339,630
1342,340,622
1343,340,625
1344,340,628
1345,340,631
1346,341,632
1347,342,632
1348,342,635
1349,343,633
1350,343,635
1351,343,638
1352,344,633
1353,344,636
1354,344,638
1355,345,633
1356,345,636
1357,345,639
1358,345,641
1359,346,633
1360,346,636
1361,346,639
1362,346,642
1363,347,634
1364,347,636
1365,347,639
1366,347,642
1367,348,634
1368,348,637
1369,348,639
1370,348,642
1371,349,634
1372,349,637
1373,349,640
1374,349,642
1375,350,634
1376,350,637
1377,350,640
1378,350,643
1379,20014,644
1380,20014,645
1381,351,646
1382,352,646
1383,352,649
1384,353,647
1385,353,649
1386,353,652
1387,354,647
1388,354,650
1389,354,652
1390,355,647
1391,355,650
1392,355,653
1393,355,655
1394,356,647
1395,356,650
1396,356,653
1397,356,656
1398,357,648
1399,357,650
1400,357,653
1401,357,656
1402,358,648
1403,358,651
1404,358,653
1405,358,656
1406,359,648
1407,359,651
1408,359,654
1409,359,656
1410,360,648
1411,360,651
1412,360,654
1413,360,657
1414,361,658
1415,362,658
1416,362,661
1417,363,659
1418,363,661
1419,363,664
1420,364,659
1421,364,662
1422,364,664
1423,365,659
1424,365,662
1425,365,665
1426,365,667
1427,366,659
1428,366,662
1429,366,665
1430,366,668
1431,367,660
1432,367,662
1433,367,665
1434,367,668
1435,368,660
1436,368,663
1437,368,665
1438,368,668
1439,369,660
1440,369,663
1441,369,666
1442,369,668
1443,370,660
1444,370,663
1445,370,666
1446,370,669
1447,20015,670
1448,20015,671
1449,371,672
1450,372,672
1451,372,675
1452,373,673
1453,373,675
1454,373,678
1455,374,673
1456,374,676
1457,374,678
1458,375,673
1459,375,676
1460,375,679
1461,375,681
1462,376,673
1463,376,676
1464,376,679
1465,376,682
1466,377,674
1467,377,676
1468,377,679
1469,377,682
1470,378,674
1471,378,677
1472,378,679
1473,378,682
1474,379,674
1475,379,677
1476,379,680
1477,379,682
1478,380,674
1479,380,677
1480,380,680
1481,380,683
1482,381,684
1483,382,684
1484,382,687
1485,383,685
1486,383,687
1487,383,690
1488,384,685
1489,384,688
1490,384,690
1491,385,685
1492,385,688
1493,385,691
1494,385,693
1495,386,685
1496,386,688
1497,386,691
1498,386,694
1499,387,686
1500,387,688
1501,387,691
1502,387,694
1503,388,686
1504,388,689
1505,388,691
1506,388,694
1507,389,686
1508,389,689
1509,389,692
1510,389,694
1511,390,686
1512,390,689
1513,390,692
1514,390,695
1515,391,696
1516,392,696
1517,392,699
1518,393,697
1519,393,699
1520,393,702
1521,394,697
1522,394,700
1523,394,702
1524,395,697
1525,395,700
1526,395,703
1527,395,705
1528,396,697
1529,396,700
1530,396,703
1531,396,706
1532,397,698
1533,397,700
1534,397,703
1535,397,706
1536,398,698
1537,398,701
1538,398,703
1539,398,706
1540,399,698
1541,399,701
1542,399,704
1543,399,706
1544,400,698
1545,400,701
1546,400,704
1547,400,707
1548,401,708
1549,402,708
1550,402,711
1551,403,709
1552,403,711
1553,403,714
1554,404,709
1555,404,712
1556,404,714
1557,405,709
1558,405,712
1559,405,715
1560,405,717
1561,406,709
1562,406,712
1563,406,715
1564,406,718
1565,407,710
1566,407,712
1567,407,715
1568,407,718
1569,408,710
1570,408,713
1571,408,715
1572,408,718
1573,409,710
1574,409,713
1575,409,716
1576,409,718
1577,410,710
1578,410,713
1579,410,716
1580,410,719
1581,20016,720
1582,20016,721
1583,20016,722
1584,20016,723
1585,411,724
1586,412,724
1587,412,727
1588,413,725
1589,413,727
1590,413,730
1591,414,725
1592,414,728
1593,414,730
1594,415,725
1595,415,728
1596,415,731
1597,415,733
1598,416,725
1599,416,728
1600,416,731
1601,416,734
1602,417,726
1603,417,728
1604,417,731
1605,417,734
1606,418,726
1607,418,729
1608,418,731
1609,418,734
1610,419,726
1611,419,729
1612,419,732
1613,419,734
1614,420,726
1615,420,729
1616,420,732
1617,420,735
1618,421,736
1619,422,736
1620,422,739
1621,423,737
1622,423,739
1623,423,742
1624,424,737
1625,424,740
1626,424,742
1627,425,737
1628,425,740
1629,425,743
1630,425,745
1631,426,737
1632,426,740
1633,426,743
1634,426,746
1635,427,738
1636,427,740
1637,427,743
1638,427,746
1639,428,738
1640,428,741
1641,428,743
1642,428,746
1643,429,738
1644,429,741
1645,429,744
1646,429,746
1647,430,738
1648,430,741
1649,430,744
1650,430,747
1651,431,748
1652,432,748
1653,432,751
1654,433,749
1655,433,751
1656,433,754
1657,434,749
1658,434,752
1659,434,754
1660,435,749
1661,435,752
1662,435,755
1663,435,757
1664,436,749
1665,436,752
1666,436,755
1667,436,758
1668,437,750
1669,437,752
1670,437,755
1671,437,758
1672,438,750
1673,438,753
1674,438,755
1675,438,758
1676,439,750
1677,439,753
1678,439,756
1679,439,758
1680,440,750
1681,440,753
1682,440,756
1683,440,759
1684,441,760
1685,442,760
1686,442,763
1687,443,761
1688,443,763
1689,443,766
1690,444,761
1691,444,764
1692,444,766
1693,445,761
1694,445,764
1695,445,767
1696,445,769
1697,446,761
1698,446,764
1699,446,767
1700,446,770
1701,447,762
1702,447,764
1703,447,767
1704,447,770
1705,448,762
1706,448,765
1707,448,767
1708,448,770
1709,449,762
1710,449,765
1711,449,768
1712,449,770
1713,450,762
1714,450,765
1715,450,768
1716,450,771
1717,451,772
1718,452,772
1719,452,775
1720,453,773
1721,453,775
1722,453,778
1723,454,773
1724,454,776
1725,454,778
1726,455,773
1727,455,776
1728,455,779
1729,455,781
1730,456,773
1731,456,776
1732,456,779
1733,456,782
1734,457,774
1735,457,776
1736,457,779
1737,457,782
1738,458,774
1739,458,777
1740,458,779
1741,458,782
1742,459,774
1743,459,777
1744,459,780
1745,459,782
1746,460,774
1747,460,777
1748,460,780
1749,460,783
1750,20019,811
1751,20019,812
1752,20019,813
1753,461,814
1754,462,814
1755,462,817
1756,463,815
1757,463,817
1758,463,820
1759,464,815
1760,464,818
1761,464,820
1762,465,815
1763,465,818
1764,465,821
1765,465,824
1766,466,815
1767,466,818
1768,466,821
1769,466,824
1770,467,816
1771,467,818
1772,467,821
1773,467,824
1774,468,816
1775,468,819
1776,468,821
1777,468,824
1778,469,816
1779,469,819
1780,469,822
1781,469,824
1782,470,816
1783,470,819
1784,470,822
1785,470,825
1786,471,826
1787,472,826
1788,472,829
1789,473,827
1790,473,829
1791,473,832
1792,474,827
1793,474,830
1794,474,832
1795,475,827
1796,475,830
1797,475,833
1798,475,836
1799,476,827
1800,476,830
1801,476,833
1802,476,836
1803,477,828
1804,477,830
1805,477,833
1806,477,836
1807,478,828
1808,478,831
1809,478,833
1810,478,836
1811,479,828
1812,479,831
1813,479,834
1814,479,836
1815,480,828
1816,480,831
1817,480,834
1818,480,837
1819,30001,838
1820,30002,838
1821,30004,838
1822,30005,838
1823,481,839
1824,482,839
1825,482,842
1826,483,840
1827,483,842
1828,483,845
1829,484,840
1830,484,843
1831,484,845
1832,485,840
1833,485,843
1834,485,846
1835,485,849
1836,486,840
1837,486,843
1838,486,846
1839,486,849
1840,487,841
1841,487,843
1842,487,846
1843,487,849
1844,488,841
1845,488,844
1846,488,846
1847,488,849
1848,489,841
1849,489,844
1850,489,847
1851,489,849
1852,490,841
1853,490,844
1854,490,847
1855,490,850
1856,30006,851
1857,30006,852
1858,30007,851
1859,30007,852
1860,30008,851
1861,30008,852
1862,30009,851
1863,30009,852
1864,491,853
1865,492,853
1866,492,856
1867,493,854
1868,493,856
1869,493,859
1870,494,854
1871,494,857
1872,494,859
1873,495,854
1874,495,857
1875,495,860
1876,495,863
1877,496,854
1878,496,857
1879,496,860
1880,496,863
1881,497,855
1882,497,857
1883,497,860
1884,497,863
1885,498,855
1886,498,858
1887,498,860
1888,498,863
1889,499,855
1890,499,858
1891,499,861
1892,499,863
1893,500,855
1894,500,858
1895,500,861
1896,500,864
1897,20020,865
1898,20020,866
1899,20020,867
1900,20020,543
1901,2001,784
1902,2001,787
1903,2001,790
1904,2021,793
1905,2021,796
1906,2021,799
1907,2031,802
1908,2031,805
1909,2031,808
1910,20021,869
1911,20021,870
1912,20022,871
1913,20022,872
1914,2011,873
1915,2011,876
1916,2011,879
1917,2041,882
1918,2041,885
1919,2041,888
1920,30010,891
1921,30010,892
1922,30010,893
1923,30010,894
1924,30011,918
1925,30011,919
1926,30011,920
1927,30011,921
1928,30012,922
1929,30012,923
1930,30012,924
1931,30012,925
1932,30013,891
1933,30013,892
1934,30013,893
1935,30013,894
1936,30014,918
1937,30014,919
1938,30014,920
1939,30014,921
1940,30015,922
1941,30015,923
1942,30015,924
1943,30015,925
1944,30016,891
1945,30016,892
1946,30016,893
1947,30016,894
1948,30017,895
1949,30017,896
1950,30017,897
1951,30017,898
1952,30018,899
1953,30018,900
1954,30018,901
1955,30019,538
1956,30019,539
1957,30019,902
1958,30020,541
1959,30020,542
1960,30020,868
1961,501,903
1962,502,903
1963,502,906
1964,503,904
1965,503,906
1966,503,909
1967,504,904
1968,504,907
1969,504,909
1970,505,915
1971,505,916
1972,505,917
1973,505,913
1974,506,915
1975,506,916
1976,506,917
1977,506,913
1978,507,905
1979,507,916
1980,507,917
1981,507,913
1982,508,905
1983,508,908
1984,508,910
1985,508,913
1986,509,905
1987,509,908
1988,509,911
1989,509,913
1990,510,905
1991,510,908
1992,510,911
1993,510,914
1994,30021,891
1995,30021,892
1996,30021,893
1997,30021,894
1998,30022,918
1999,30022,919
2000,30022,920
2001,30022,921
2002,30023,922
2003,30023,923
2004,30023,924
2005,30023,925
2006,30024,891
2007,30024,892
2008,30024,893
2009,30024,894
2010,30025,918
2011,30025,919
2012,30025,920
2013,30025,921
2014,30026,922
2015,30026,923
2016,30026,924
2017,30026,925
2018,2051,926
2019,2051,929
2020,2051,932
2021,2061,935
2022,2061,938
2023,2061,941
2024,511,944
2025,512,944
2026,512,947
2027,513,945
2028,513,947
2029,513,950
2030,514,945
2031,514,948
2032,514,950
2033,515,945
2034,515,948
2035,515,951
2036,515,954
2037,516,945
2038,516,948
2039,516,951
2040,516,954
2041,517,946
2042,517,948
2043,517,951
2044,517,954
2045,518,946
2046,518,949
2047,518,951
2048,518,954
2049,519,946
2050,519,949
2051,519,952
2052,519,954
2053,520,946
2054,520,949
2055,520,952
2056,520,955
2057,2071,956
2058,2071,959
2059,2071,962
2060,2101,965
2061,2101,968
2062,2101,971
2063,30027,974
2064,30027,975
2065,30027,976
2066,30027,977
2067,30028,978
2068,30028,979
2069,30028,980
2070,30028,981
2071,30029,982
2072,30029,983
2073,30029,984
2074,30029,985
2075,30030,974
2076,30030,975
2077,30030,976
2078,30030,977
2079,521,986
2080,522,986
2081,522,989
2082,523,987
2083,523,989
2084,523,992
2085,524,987
2086,524,990
2087,524,992
2088,525,987
2089,525,990
2090,525,993
2091,525,996
2092,526,987
2093,526,990
2094,526,993
2095,526,996
2096,527,988
2097,527,990
2098,527,993
2099,527,996
2100,528,988
2101,528,991
2102,528,993
2103,528,996
2104,529,988
2105,529,991
2106,529,994
2107,529,996
2108,530,988
2109,530,991
2110,530,994
2111,530,997
2112,40001,998
2113,40001,999
2114,40001,1000
2115,40001,1001
2116,2091,1002
2117,2091,1005
2118,2091,1008
2119,2151,1011
2120,2151,1014
2121,2151,1017
2122,531,1020
2123,532,1020
2124,532,1023
2125,533,1021
2126,533,1023
2127,533,1026
2128,534,1021
2129,534,1024
2130,534,1026
2131,535,1021
2132,535,1024
2133,535,1027
2134,535,1030
2135,536,1021
2136,536,1024
2137,536,1027
2138,536,1030
2139,537,1022
2140,537,1024
2141,537,1027
2142,537,1030
2143,538,1022
2144,538,1025
2145,538,1027
2146,538,1030
2147,539,1022
2148,539,1025
2149,539,1028
2150,539,1030
2151,540,1022
2152,540,1025
2153,540,1028
2154,540,1031
2155,30034,1032
2156,30034,1035
2157,30034,1038
2158,30034,1041
2159,30033,1032
2160,30033,1035
2161,30033,1038
2162,30033,1041
2163,30032,1033
2164,30032,1036
2165,30032,1039
2166,30032,1042
2167,30031,1034
2168,30031,1037
2169,30031,1040
2170,30031,1043
2171,2111,1044
2172,2111,1047
2173,2111,1050
2174,2121,1053
2175,2121,1056
2176,2121,1059
2177,541,1062
2178,542,1062
2179,542,1065
2180,543,1063
2181,543,1065
2182,543,1068
2183,544,1063
2184,544,1066
2185,544,1068
2186,545,1063
2187,545,1066
2188,545,1069
2189,545,1072
2190,546,1063
2191,546,1066
2192,546,1069
2193,546,1072
2194,547,1064
2195,547,1066
2196,547,1069
2197,547,1072
2198,548,1064
2199,548,1067
2200,548,1069
2201,548,1072
2202,549,1064
2203,549,1067
2204,549,1070
2205,549,1072
2206,550,1064
2207,550,1067
2208,550,1070
2209,550,1073
2210,551,1074
2211,552,1074
2212,552,1077
2213,553,1075
2214,553,1077
2215,553,1080
2216,554,1075
2217,554,1078
2218,554,1080
2219,555,1075
2220,555,1078
2221,555,1081
2222,555,1084
2223,556,1075
2224,556,1078
2225,556,1081
2226,556,1084
2227,557,1076
2228,557,1078
2229,557,1081
2230,557,1084
2231,558,1076
2232,558,1079
2233,558,1081
2234,558,1084
2235,559,1076
2236,559,1079
2237,559,1082
2238,559,1084
2239,560,1076
2240,560,1079
2241,560,1082
2242,560,1085
2243,30035,1086
2244,30035,1087
2245,30035,1088
2246,561,1089
2247,562,1089
2248,562,1092
2249,563,1090
2250,563,1092
2251,563,1095
2252,564,1090
2253,564,1093
2254,564,1095
2255,565,1090
2256,565,1093
2257,565,1096
2258,565,1099
2259,566,1090
2260,566,1093
2261,566,1096
2262,566,1099
2263,567,1091
2264,567,1093
2265,567,1096
2266,567,1099
2267,568,1091
2268,568,1094
2269,568,1096
2270,568,1099
2271,569,1091
2272,569,1094
2273,569,1097
2274,569,1099
2275,570,1091
2276,570,1094
2277,570,1097
2278,570,1100
2279,2131,1101
2280,2131,1104
2281,2131,1107
2282,2171,1110
2283,2171,1113
2284,2171,1116
2285,20025,1119
2286,1136,1120
2287,1136,1121
2288,1136,1122
2289,40002,1123
2290,40002,1124
2291,40002,1125
2292,40002,1126
2293,571,1127
2294,572,1127
2295,572,1130
2296,573,1128
2297,573,1130
2298,573,1133
2299,574,1128
2300,574,1131
2301,574,1133
2302,575,1128
2303,575,1131
2304,575,1134
2305,575,1137
2306,576,1128
2307,576,1131
2308,576,1134
2309,576,1137
2310,577,1129
2311,577,1131
2312,577,1134
2313,577,1137
2314,578,1129
2315,578,1132
2316,578,1134
2317,578,1137
2318,579,1129
2319,579,1132
2320,579,1135
2321,579,1137
2322,580,1129
2323,580,1132
2324,580,1135
2325,580,1138
2326,30036,1141
2327,30036,1144
2328,30036,1147
2329,30036,1150
2330,30037,1140
2331,30037,1143
2332,30037,1146
2333,30037,1149
2334,30038,1139
2335,30038,1142
2336,30038,1145
2337,30038,1148
2338,30039,1139
2339,30039,1142
2340,30039,1145
2341,30039,1148
2342,581,1151
2343,582,1151
2344,582,1154
2345,583,1152
2346,583,1154
2347,583,1157
2348,584,1152
2349,584,1155
2350,584,1157
2351,585,1152
2352,585,1155
2353,585,1158
2354,585,1161
2355,586,1152
2356,586,1155
2357,586,1158
2358,586,1161
2359,587,1153
2360,587,1155
2361,587,1158
2362,587,1161
2363,588,1153
2364,588,1156
2365,588,1158
2366,588,1161
2367,589,1153
2368,589,1156
2369,589,1159
2370,589,1161
2371,590,1153
2372,590,1156
2373,590,1159
2374,590,1162
2375,50003,2
2376,50003,4
2377,50003,7
2378,50013,14
2379,50013,16
2380,50013,19
2381,50023,26
2382,50023,28
2383,50023,31
2384,50033,38
2385,50033,40
2386,50033,43
2387,50043,49
2388,50043,52
2389,50043,55
2390,50053,61
2391,50053,64
2392,50053,67
2393,50063,73
2394,50063,76
2395,50063,79
2396,50073,86
2397,50073,88
2398,50073,91
2399,50083,98
2400,50083,100
2401,50083,103
2402,50093,109
2403,50093,112
2404,50093,115
2405,51023,133
2406,51033,142
2407,50103,152
2408,50103,154
2409,50103,157
2410,50113,164
2411,50113,166
2412,50113,169
2413,51053,181
2414,51063,192
2415,51063,194
2416,50123,216
2417,50123,219
2418,50123,222
2419,50133,229
2420,50133,231
2421,50133,234
2422,50143,241
2423,50143,243
2424,50143,246
2425,50153,253
2426,50153,255
2427,50153,258
2428,50163,265
2429,50163,267
2430,50163,270
2431,50173,277
2432,50173,279
2433,50173,282
2434,51083,298
2435,51083,300
2436,50183,307
2437,50183,309
2438,50183,312
2439,51093,330
2440,51093,332
2441,70003,351
2442,70003,352
2443,70003,353
2444,70003,354
2445,50193,356
2446,50193,358
2447,50193,361
2448,50203,368
2449,50203,370
2450,50203,373
2451,50213,380
2452,50213,382
2453,50213,385
2454,50223,392
2455,50223,394
2456,50223,397
2457,50233,406
2458,50233,408
2459,50233,411
2460,50243,418
2461,50243,420
2462,50243,423
2463,50253,430
2464,50253,432
2465,50253,435
2466,50273,442
2467,50273,444
2468,50273,447
2469,50283,458
2470,50283,460
2471,50283,463
2472,50293,470
2473,50293,472
2474,50293,475
2475,51103,481
2476,51113,498
2477,51113,500
2478,51123,517
2479,51123,519
2480,51123,520
2481,50263,549
2482,50263,551
2483,50263,554
2484,50303,561
2485,50303,563
2486,50303,566
2487,50313,573
2488,50313,575
2489,50313,578
2490,50323,585
2491,50323,587
2492,50323,590
2493,51133,611
2494,51133,614
2495,50333,621
2496,50333,623
2497,50333,626
2498,50343,633
2499,50343,635
2500,50343,638
2501,50353,647
2502,50353,649
2503,50353,652
2504,50363,659
2505,50363,661
2506,50363,664
2507,50373,673
2508,50373,675
2509,50373,678
2510,50383,685
2511,50383,687
2512,50383,690
2513,50393,697
2514,50393,699
2515,50393,702
2516,50403,709
2517,50403,711
2518,50403,714
2519,50413,725
2520,50413,727
2521,50413,730
2522,50423,737
2523,50423,739
2524,50423,742
2525,50433,749
2526,50433,751
2527,50433,754
2528,50443,761
2529,50443,763
2530,50443,766
2531,50453,773
2532,50453,775
2533,50453,778
2534,50463,815
2535,50463,817
2536,50463,820
2537,50473,827
2538,50473,829
2539,50473,832
2540,50483,840
2541,50483,842
2542,50483,845
2543,50493,854
2544,50493,856
2545,50493,859
2546,80013,891
2547,80013,892
2548,80013,893
2549,80013,894
2550,50503,904
2551,50503,906
2552,50503,909
2553,80023,922
2554,80023,923
2555,80023,924
2556,80023,925
2557,50513,945
2558,50513,947
2559,50513,950
2560,50523,987
2561,50523,989
2562,50523,992
2563,50533,1021
2564,50533,1023
2565,50533,1026
2566,80033,1032
2567,80033,1035
2568,80033,1038
2569,80033,1041
2570,50543,1063
2571,50543,1065
2572,50543,1068
2573,50553,1075
2574,50553,1077
2575,50553,1080
2576,50563,1090
2577,50563,1092
2578,50563,1095
2579,50573,1128
2580,50573,1130
2581,50573,1133
2582,50583,1152
2583,50583,1154
2584,50583,1157
2585,20032,1163
2586,20032,1166
2587,20032,1169
2588,20032,1172
2589,20033,1164
2590,20033,1167
2591,20033,1170
2592,20033,1173
2593,20034,1165
2594,20034,1168
2595,20034,1171
2596,20034,1174
2597,1137,328
2598,1138,329
2599,1139,330
2600,1138,331
2601,1139,332
2602,20026,1175
2603,20027,1176
2604,20028,1177
2605,20029,1178
2606,20030,1179
2607,20031,1180
2608,591,1181
2609,592,1181
2610,592,1184
2611,593,1182
2612,593,1184
2613,593,1187
2614,594,1182
2615,594,1185
2616,594,1187
2617,595,1182
2618,595,1185
2619,595,1188
2620,595,1191
2621,596,1182
2622,596,1185
2623,596,1188
2624,596,1191
2625,597,1183
2626,597,1185
2627,597,1188
2628,597,1191
2629,598,1183
2630,598,1186
2631,598,1188
2632,598,1191
2633,599,1183
2634,599,1186
2635,599,1189
2636,599,1191
2637,600,1183
2638,600,1186
2639,600,1189
2640,600,1192
2641,601,1193
2642,602,1193
2643,602,1196
2644,603,1194
2645,603,1196
2646,603,1199
2647,604,1194
2648,604,1197
2649,604,1199
2650,605,1194
2651,605,1197
2652,605,1200
2653,605,1203
2654,606,1194
2655,606,1197
2656,606,1200
2657,606,1203
2658,607,1195
2659,607,1197
2660,607,1200
2661,607,1203
2662,608,1195
2663,608,1198
2664,608,1200
2665,608,1203
2666,609,1195
2667,609,1198
2668,609,1201
2669,609,1203
2670,610,1195
2671,610,1198
2672,610,1201
2673,610,1204
2674,20035,1205
2675,20035,1206
2676,5001,2
2677,5001,5
2678,5001,8
2679,5001,10
2680,611,1207
2681,612,1207
2682,612,1210
2683,613,1208
2684,613,1210
2685,613,1213
2686,614,1208
2687,614,1211
2688,614,1213
2689,615,1208
2690,615,1211
2691,615,1214
2692,615,1217
2693,616,1208
2694,616,1211
2695,616,1214
2696,616,1217
2697,617,1209
2698,617,1211
2699,617,1214
2700,617,1217
2701,618,1209
2702,618,1212
2703,618,1214
2704,618,1217
2705,619,1209
2706,619,1212
2707,619,1215
2708,619,1217
2709,620,1209
2710,620,1212
2711,620,1215
2712,620,1218
2713,621,1219
2714,622,1219
2715,622,1222
2716,623,1220
2717,623,1222
2718,623,1225
2719,624,1220
2720,624,1223
2721,624,1225
2722,625,1220
2723,625,1223
2724,625,1226
2725,625,1229
2726,626,1220
2727,626,1223
2728,626,1226
2729,626,1229
2730,627,1221
2731,627,1223
2732,627,1226
2733,627,1229
2734,628,1221
2735,628,1224
2736,628,1226
2737,628,1229
2738,629,1221
2739,629,1224
2740,629,1227
2741,629,1229
2742,630,1221
2743,630,1224
2744,630,1227
2745,630,1230
2746,20036,1231
2747,20036,1234
2748,20037,1232
2749,20037,1235
2750,20038,1233
2751,20038,1236
2752,20039,1231
2753,20039,1234
2754,20039,1237
2755,20040,1232
2756,20040,1235
2757,20040,1238
2758,20041,1233
2759,20041,1236
2760,20041,1239
2761,20042,1243
2762,20042,1246
2763,20042,1249
2764,20042,1252
2765,20043,1244
2766,20043,1247
2767,20043,1250
2768,20043,1253
2769,20044,1245
2770,20044,1248
2771,20044,1251
2772,20044,1254
2773,50593,1182
2774,50593,1184
2775,50593,1187
2776,50603,1194
2777,50603,1196
2778,50603,1199
2779,50613,1208
2780,50613,1210
2781,50613,1213
2782,50623,1220
2783,50623,1222
2784,50623,1225
2785,631,1255
2786,632,1255
2787,632,1258
2788,633,1256
2789,633,1258
2790,633,1261
2791,634,1256
2792,634,1259
2793,634,1261
2794,635,1256
2795,635,1259
2796,635,1262
2797,635,1264
2798,636,1256
2799,636,1259
2800,636,1262
2801,636,1264
2802,637,1257
2803,637,1259
2804,637,1262
2805,637,1264
2806,638,1257
2807,638,1260
2808,638,1262
2809,638,1264
2810,639,1257
2811,639,1260
2812,639,1263
2813,639,1264
2814,640,1257
2815,640,1260
2816,640,1263
2817,640,1266
2818,5101,152
2819,5101,155
2820,5101,158
2821,5101,160
2822,641,1268
2823,642,1268
2824,642,1271
2825,643,1269
2826,643,1271
2827,643,1274
2828,644,1269
2829,644,1272
2830,644,1274
2831,645,1269
2832,645,1272
2833,645,1275
2834,645,1278
2835,646,1269
2836,646,1272
2837,646,1275
2838,646,1278
2839,647,1270
2840,647,1272
2841,647,1275
2842,647,1278
2843,648,1270
2844,648,1273
2845,648,1275
2846,648,1278
2847,649,1270
2848,649,1273
2849,649,1276
2850,649,1278
2851,650,1270
2852,650,1273
2853,650,1276
2854,650,1279
2855,30040,1282
2856,30040,1285
2857,30040,1288
2858,30040,1291
2859,30041,1281
2860,30041,1284
2861,30041,1287
2862,30041,1290
2863,30042,1280
2864,30042,1283
2865,30042,1286
2866,30042,1289
2867,30043,1280
2868,30043,1283
2869,30043,1286
2870,30043,1289
2871,2141,1301
2872,2141,1304
2873,2141,1307
2874,2181,1292
2875,2181,1295
2876,2181,1298
2877,651,1310
2878,652,1310
2879,652,1313
2880,653,1311
2881,653,1313
2882,653,1316
2883,654,1311
2884,654,1314
2885,654,1316
2886,655,1311
2887,655,1314
2888,655,1317
2889,655,1320
2890,656,1311
2891,656,1314
2892,656,1317
2893,656,1320
2894,657,1312
2895,657,1314
2896,657,1317
2897,657,1320
2898,658,1312
2899,658,1315
2900,658,1317
2901,658,1320
2902,659,1312
2903,659,1315
2904,659,1318
2905,659,1320
2906,660,1312
2907,660,1315
2908,660,1318
2909,660,1321
2910,20047,1322
2911,20047,1323
2912,20048,1324
2913,20049,1325
2914,20049,1328
2915,20049,1331
2916,20049,1334
2917,20050,1326
2918,20050,1329
2919,20050,1332
2920,20050,1335
2921,20051,1327
2922,20051,1330
2923,20051,1333
2924,20051,1336
2925,661,1337
2926,662,1337
2927,662,1340
2928,663,1338
2929,663,1340
2930,663,1343
2931,664,1338
2932,664,1341
2933,664,1343
2934,665,1338
2935,665,1341
2936,665,1344
2937,665,1347
2938,666,1338
2939,666,1341
2940,666,1344
2941,666,1347
2942,667,1339
2943,667,1341
2944,667,1344
2945,667,1347
2946,668,1339
2947,668,1342
2948,668,1344
2949,668,1347
2950,669,1339
2951,669,1342
2952,669,1345
2953,669,1347
2954,670,1339
2955,670,1342
2956,670,1345
2957,670,1348
2958,30101,891
2959,30101,892
2960,30101,893
2961,30101,894
2962,30102,918
2963,30102,919
2964,30102,920
2965,30102,921
2966,30103,922
2967,30103,923
2968,30103,924
2969,30103,925
2970,30104,891
2971,30104,892
2972,30104,893
2973,30104,894
2974,30105,918
2975,30105,919
2976,30105,920
2977,30105,921
2978,30106,922
2979,30106,923
2980,30106,924
2981,30106,925
2982,30107,891
2983,30107,892
2984,30107,893
2985,30107,894
2986,30108,918
2987,30108,919
2988,30108,920
2989,30108,921
2990,30109,922
2991,30109,923
2992,30109,924
2993,30109,925
2994,30110,891
2995,30110,892
2996,30110,893
2997,30110,894
2998,30111,918
2999,30111,919
3000,30111,920
3001,30111,921
3002,30112,922
3003,30112,923
3004,30112,924
3005,30112,925
3006,30113,974
3007,30113,975
3008,30113,976
3009,30113,977
3010,30114,978
3011,30114,979
3012,30114,980
3013,30114,981
3014,30115,982
3015,30115,983
3016,30115,984
3017,30115,985
3018,30116,1034
3019,30116,1037
3020,30116,1040
3021,30116,1043
3022,30117,1033
3023,30117,1036
3024,30117,1039
3025,30117,1042
3026,30118,1032
3027,30118,1035
3028,30118,1038
3029,30118,1041
3030,30119,1141
3031,30119,1144
3032,30119,1147
3033,30119,1150
3034,30120,1140
3035,30120,1143
3036,30120,1146
3037,30120,1149
3038,30121,1139
3039,30121,1142
3040,30121,1145
3041,30121,1148
3042,30122,1351
3043,30122,1354
3044,30122,1357
3045,30122,1360
3046,30123,1350
3047,30123,1353
3048,30123,1356
3049,30123,1359
3050,30124,1349
3051,30124,1352
3052,30124,1355
3053,30124,1358
3054,671,1361
3055,672,1361
3056,672,1364
3057,673,1362
3058,673,1364
3059,673,1367
3060,674,1362
3061,674,1365
3062,674,1367
3063,675,1362
3064,675,1365
3065,675,1368
3066,675,1371
3067,676,1362
3068,676,1365
3069,676,1368
3070,676,1371
3071,677,1363
3072,677,1365
3073,677,1368
3074,677,1371
3075,678,1363
3076,678,1366
3077,678,1368
3078,678,1371
3079,679,1363
3080,679,1366
3081,679,1369
3082,679,1371
3083,680,1363
3084,680,1366
3085,680,1369
3086,680,1372
3087,20052,1373
3088,681,1374
3089,682,1374
3090,682,1377
3091,683,1375
3092,683,1377
3093,683,1380
3094,684,1375
3095,684,1378
3096,684,1380
3097,685,1375
3098,685,1378
3099,685,1381
3100,685,1384
3101,686,1375
3102,686,1378
3103,686,1381
3104,686,1384
3105,687,1376
3106,687,1378
3107,687,1381
3108,687,1384
3109,688,1376
3110,688,1379
3111,688,1381
3112,688,1384
3113,689,1376
3114,689,1379
3115,689,1382
3116,689,1384
3117,690,1376
3118,690,1379
3119,690,1382
3120,690,1385
3121,691,1386
3122,692,1386
3123,692,1389
3124,693,1387
3125,693,1389
3126,693,1392
3127,694,1387
3128,694,1390
3129,694,1392
3130,695,1387
3131,695,1390
3132,695,1393
3133,695,1396
3134,696,1387
3135,696,1390
3136,696,1393
3137,696,1396
3138,697,1388
3139,697,1390
3140,697,1393
3141,697,1396
3142,698,1388
3143,698,1391
3144,698,1393
3145,698,1396
3146,699,1388
3147,699,1391
3148,699,1394
3149,699,1396
3150,700,1388
3151,700,1391
3152,700,1394
3153,700,1397
3154,30125,1400
3155,30125,1403
3156,30125,1406
3157,30125,1409
3158,30126,1399
3159,30126,1402
3160,30126,1405
3161,30126,1408
3162,30127,1398
3163,30127,1401
3164,30127,1404
3165,30127,1407
3166,30128,1400
3167,30128,1403
3168,30128,1406
3169,30128,1409
3170,701,1410
3171,702,1410
3172,702,1413
3173,703,1411
3174,703,1413
3175,703,1416
3176,704,1411
3177,704,1414
3178,704,1416
3179,705,1411
3180,705,1414
3181,705,1417
3182,705,1420
3183,706,1411
3184,706,1414
3185,706,1417
3186,706,1420
3187,707,1412
3188,707,1414
3189,707,1417
3190,707,1420
3191,708,1412
3192,708,1415
3193,708,1417
3194,708,1420
3195,709,1412
3196,709,1415
3197,709,1418
3198,709,1420
3199,710,1412
3200,710,1415
3201,710,1418
3202,710,1421
3203,20053,2
3204,20053,5
3205,20053,8
3206,20053,10
3207,20054,26
3208,20054,29
3209,20054,32
3210,20054,34
3211,20055,38
3212,20055,41
3213,20055,44
3214,20055,46
3215,20056,406
3216,20056,409
3217,20056,412
3218,20056,414
3219,20057,1021
3220,20057,1024
3221,20057,1027
3222,20057,1030
3223,20058,1128
3224,20058,1131
3225,20058,1134
3226,20058,1137
3227,20059,14
3228,20059,16
3229,20059,20
3230,20059,22
3231,20060,109
3232,20060,113
3233,20060,116
3234,20060,118
3235,711,1422
3236,712,1422
3237,712,1425
3238,713,1423
3239,713,1425
3240,713,1428
3241,714,1423
3242,714,1426
3243,714,1428
3244,715,1423
3245,715,1426
3246,715,1429
3247,715,1432
3248,716,1423
3249,716,1426
3250,716,1429
3251,716,1432
3252,717,1424
3253,717,1426
3254,717,1429
3255,717,1432
3256,718,1424
3257,718,1427
3258,718,1429
3259,718,1432
3260,719,1424
3261,719,1427
3262,719,1430
3263,719,1432
3264,720,1424
3265,720,1427
3266,720,1430
3267,720,1433
3268,721,1470
3269,722,1470
3270,722,1473
3271,723,1471
3272,723,1473
3273,723,1476
3274,724,1471
3275,724,1474
3276,724,1476
3277,725,1471
3278,725,1474
3279,725,1477
3280,725,1480
3281,726,1471
3282,726,1474
3283,726,1477
3284,726,1480
3285,727,1472
3286,727,1474
3287,727,1477
3288,727,1480
3289,728,1472
3290,728,1475
3291,728,1477
3292,728,1480
3293,729,1472
3294,729,1475
3295,729,1478
3296,729,1480
3297,730,1472
3298,730,1475
3299,730,1478
3300,730,1481
3301,20061,1435
3302,20061,1438
3303,20061,1441
3304,20061,1443
3305,20062,1436
3306,20062,1439
3307,20062,1441
3308,20062,1443
3309,20063,1436
3310,20063,1439
3311,20063,1442
3312,20063,1445
3313,20064,1447
3314,20064,1450
3315,20064,1452
3316,20065,1447
3317,20065,1450
3318,20065,1453
3319,20065,1455
3320,20066,1448
3321,20066,1450
3322,20066,1453
3323,20066,1456
3324,20067,1459
3325,20067,1462
3326,20067,1464
3327,20068,1459
3328,20068,1462
3329,20068,1465
3330,20068,1468
3331,20069,1460
3332,20069,1462
3333,20069,1465
3334,20069,1468
3335,20070,1434
3336,20071,1435
3337,20071,1437
3338,20072,1435
3339,20072,1438
3340,20072,1440
3341,20073,1446
3342,20074,1447
3343,20074,1449
3344,20075,1447
3345,20075,1450
3346,20075,1452
3347,20076,1458
3348,20077,1459
3349,20077,1461
3350,20078,1459
3351,20078,1462
3352,20078,1464
3353,20079,1090
3354,20079,1093
3355,20079,1096
3356,20079,1099
3357,20080,1152
3358,20080,1155
3359,20080,1158
3360,20080,1161
3361,20081,1194
3362,20081,1197
3363,20081,1200
3364,20081,1203
3365,20082,1220
3366,20082,1223
3367,20082,1226
3368,20082,1229
3369,20083,1338
3370,20083,1341
3371,20083,1344
3372,20083,1347
3373,20084,1471
3374,20084,1474
3375,20084,1477
3376,20084,1480
3377,731,1482
3378,732,1482
3379,732,1485
3380,733,1483
3381,733,1485
3382,733,1488
3383,734,1483
3384,734,1486
3385,734,1488
3386,735,1483
3387,735,1486
3388,735,1489
3389,735,1492
3390,736,1483
3391,736,1486
3392,736,1489
3393,736,1492
3394,737,1484
3395,737,1486
3396,737,1489
3397,737,1492
3398,738,1484
3399,738,1487
3400,738,1489
3401,738,1492
3402,739,1484
3403,739,1487
3404,739,1490
3405,739,1492
3406,740,1484
3407,740,1487
3408,740,1490
3409,740,1493
3410,30129,1496
3411,30129,1499
3412,30129,1502
3413,30129,1505
3414,30130,1495
3415,30130,1498
3416,30130,1501
3417,30130,1504
3418,30131,1494
3419,30131,1497
3420,30131,1500
3421,30131,1503
3422,30132,1496
3423,30132,1499
3424,30132,1502
3425,30132,1505
3426,741,1506
3427,742,1506
3428,742,1509
3429,743,1507
3430,743,1509
3431,743,1512
3432,744,1507
3433,744,1510
3434,744,1512
3435,745,1507
3436,745,1510
3437,745,1513
3438,745,1516
3439,746,1507
3440,746,1510
3441,746,1513
3442,746,1516
3443,747,1508
3444,747,1510
3445,747,1513
3446,747,1516
3447,748,1508
3448,748,1511
3449,748,1513
3450,748,1516
3451,749,1508
3452,749,1511
3453,749,1514
3454,749,1516
3455,750,1508
3456,750,1511
3457,750,1514
3458,750,1517
3459,20085,1518
3460,20085,1521
3461,20085,1524
3462,20085,1527
3463,20086,1519
3464,20086,1522
3465,20086,1525
3466,20086,1528
3467,20087,1520
3468,20087,1523
3469,20087,1526
3470,20087,1529
3471,751,1530
3472,752,1530
3473,752,1533
3474,753,1531
3475,753,1533
3476,753,1536
3477,754,1531
3478,754,1534
3479,754,1536
3480,755,1531
3481,755,1534
3482,755,1537
3483,755,1540
3484,756,1531
3485,756,1534
3486,756,1537
3487,756,1540
3488,757,1532
3489,757,1534
3490,757,1537
3491,757,1540
3492,758,1532
3493,758,1535
3494,758,1537
3495,758,1540
3496,759,1532
3497,759,1535
3498,759,1538
3499,759,1540
3500,760,1532
3501,760,1535
3502,760,1538
3503,760,1541
3504,761,1542
3505,762,1542
3506,762,1545
3507,763,1543
3508,763,1545
3509,763,1548
3510,764,1543
3511,764,1546
3512,764,1548
3513,765,1543
3514,765,1546
3515,765,1549
3516,765,1552
3517,766,1543
3518,766,1546
3519,766,1549
3520,766,1552
3521,767,1544
3522,767,1546
3523,767,1549
3524,767,1552
3525,768,1544
3526,768,1547
3527,768,1549
3528,768,1552
3529,769,1544
3530,769,1547
3531,769,1550
3532,769,1552
3533,770,1544
3534,770,1547
3535,770,1550
3536,770,1553
3537,30133,1556
3538,30133,1559
3539,30133,1562
3540,30133,1565
3541,30134,1555
3542,30134,1558
3543,30134,1561
3544,30134,1564
3545,30135,1554
3546,30135,1557
3547,30135,1560
3548,30135,1563
3549,30136,1556
3550,30136,1559
3551,30136,1562
3552,30136,1565
3553,2231,1566
3554,2231,1569
3555,2231,1572
3556,20089,1575
3557,20089,1578
3558,20089,1581
3559,20089,1584
3560,20090,1576
3561,20090,1579
3562,20090,1582
3563,20090,1585
3564,20091,1577
3565,20091,1580
3566,20091,1583
3567,20091,1586
3568,2161,1587
3569,2161,1590
3570,2161,1593
3571,2251,1596
3572,2251,1599
3573,2251,1602
3574,20092,1605
3575,2191,1606
3576,2191,1609
3577,2191,1612
3578,20097,1615
3579,20097,1618
3580,20097,1621
3581,20098,1616
3582,20098,1619
3583,20098,1622
3584,20099,1617
3585,20099,1620
3586,20099,1623
3587,2211,1624
3588,2211,1627
3589,2211,1630
3590,20100,241
3591,20100,243
3592,20100,246
3593,20101,392
3594,20101,394
3595,20101,397
3596,20102,621
3597,20102,623
3598,20102,626
3599,20103,647
3600,20103,649
3601,20103,652
3602,20104,1411
3603,20104,1413
3604,20104,1416
3605,20105,1507
3606,20105,1509
3607,20105,1512
3608,2261,1633
3609,2261,1636
3610,2261,1639
3611,20106,49
3612,20106,52
3613,20106,55
3614,20107,86
3615,20107,88
3616,20107,91
3617,20108,659
3618,20108,661
3619,20108,664
3620,20109,1387
3621,20109,1389
3622,20109,1392
3623,20110,1423
3624,20110,1425
3625,20110,1428
3626,20111,1483
3627,20111,1485
3628,20111,1488
3629,2081,1642
3630,2081,1645
3631,2081,1648
3632,20112,1435
3633,20113,1435
3634,20113,1438
3635,20114,1435
3636,20114,1438
3637,20114,1441
3638,20115,1436
3639,20115,1439
3640,20115,1441
3641,20115,1443
3642,20116,1436
3643,20116,1439
3644,20116,1442
3645,20116,1443
3646,20117,1436
3647,20117,1439
3648,20117,1442
3649,20117,1445
3650,20118,1652
3651,20119,1652
3652,20119,1655
3653,20120,1652
3654,20120,1655
3655,20120,1658
3656,20121,1653
3657,20121,1656
3658,20121,1658
3659,20121,1660
3660,20122,1653
3661,20122,1656
3662,20122,1659
3663,20122,1660
3664,20123,1653
3665,20123,1656
3666,20123,1659
3667,20123,1662
3668,20124,1664
3669,20125,1664
3670,20125,1667
3671,20126,1664
3672,20126,1667
3673,20126,1670
3674,20127,1665
3675,20127,1668
3676,20127,1670
3677,20127,1673
3678,20128,1665
3679,20128,1668
3680,20128,1671
3681,20128,1673
3682,20129,1665
3683,20129,1668
3684,20129,1671
3685,20129,1674
3686,20130,1676
3687,20131,1676
3688,20131,1679
3689,20132,1676
3690,20132,1679
3691,20132,1682
3692,20133,1677
3693,20133,1680
3694,20133,1682
3695,20133,1685
3696,20134,1677
3697,20134,1680
3698,20134,1683
3699,20134,1685
3700,20135,1677
3701,20135,1680
3702,20135,1683
3703,20135,1686
3704,20136,1688
3705,20137,1688
3706,20137,1691
3707,20138,1688
3708,20138,1691
3709,20138,1694
3710,20139,1689
3711,20139,1692
3712,20139,1694
3713,20139,1697
3714,20140,1689
3715,20140,1692
3716,20140,1695
3717,20140,1697
3718,20141,1689
3719,20141,1692
3720,20141,1695
3721,20141,1698
3722,20142,1700
3723,20143,1700
3724,20143,1703
3725,20144,1700
3726,20144,1703
3727,20144,1706
3728,20145,1701
3729,20145,1704
3730,20145,1706
3731,20145,1709
3732,20146,1701
3733,20146,1704
3734,20146,1707
3735,20146,1709
3736,20147,1701
3737,20147,1704
3738,20147,1707
3739,20147,1710
3740,20148,1447
3741,20149,1447
3742,20149,1450
3743,20150,1447
3744,20150,1450
3745,20150,1453
3746,20151,1448
3747,20151,1451
3748,20151,1453
3749,20151,1456
3750,20152,1448
3751,20152,1451
3752,20152,1453
3753,20152,1456
3754,20153,1448
3755,20153,1451
3756,20153,1453
3757,20153,1456
3758,20154,1459
3759,20155,1459
3760,20155,1462
3761,20156,1459
3762,20156,1462
3763,20156,1465
3764,20157,1460
3765,20157,1463
3766,20157,1465
3767,20157,1468
3768,20158,1460
3769,20158,1463
3770,20158,1465
3771,20158,1468
3772,20159,1460
3773,20159,1463
3774,20159,1465
3775,20159,1468
3776,20160,1712
3777,20161,1712
3778,20161,1715
3779,20162,1712
3780,20162,1715
3781,20162,1718
3782,20163,1713
3783,20163,1715
3784,20163,1718
3785,20163,1721
3786,20164,1713
3787,20164,1715
3788,20164,1718
3789,20164,1721
3790,20165,1713
3791,20165,1715
3792,20165,1718
3793,20165,1721
3794,2271,1723
3795,2271,1726
3796,2271,1729
