"level","prf_trs_type","rank_min","rank_max","treasure_type","treasure_id","slot_type","value"
1,0,1,3,1,6,0,1
1,0,1,3,1,26,0,1
1,0,1,3,1,36,0,1
1,0,4,30,1,16,0,1
1,1,0,0,1,10011,0,3
1,3,0,0,3,9,0,1
2,0,1,3,1,6,0,1
2,0,1,3,1,26,0,1
2,0,1,3,1,36,0,1
2,0,4,30,1,16,0,1
2,1,0,0,1,10011,0,3
2,3,0,0,3,9,0,1
3,0,1,3,1,6,0,1
3,0,1,3,1,26,0,1
3,0,1,3,1,36,0,1
3,0,4,30,1,16,0,1
3,1,0,0,1,10011,0,3
3,3,0,0,3,9,0,1
4,0,1,3,1,6,0,1
4,0,1,3,1,26,0,1
4,0,1,3,1,36,0,1
4,0,4,30,1,16,0,1
4,1,0,0,1,10011,0,3
4,3,0,0,3,9,0,1
5,0,1,3,1,6,0,1
5,0,1,3,1,26,0,1
5,0,1,3,1,36,0,1
5,0,4,30,1,16,0,1
5,1,0,0,1,10011,0,3
5,3,0,0,3,9,0,1
6,0,1,30,3,8,0,1
6,1,0,0,3,4,0,1
6,3,0,0,3,9,0,1
7,3,0,0,3,2,0,1
7,3,0,0,3,6,0,1
7,0,1,10,3,6,0,1
8,3,0,0,3,2,0,1
8,3,0,0,3,6,0,1
8,0,1,10,3,6,0,1
9,3,0,0,3,2,0,1
9,3,0,0,3,6,0,1
9,0,1,10,3,6,0,1
10,3,0,0,3,2,0,1
10,3,0,0,3,6,0,1
10,0,1,10,3,6,0,1
11,3,0,0,3,6,0,3
11,0,1,30,3,6,0,10
12,3,0,0,3,6,0,3
12,0,1,30,3,6,0,10
13,3,0,0,3,6,0,3
13,0,1,30,3,6,0,10
14,3,0,0,3,6,0,3
14,0,1,30,3,6,0,10
15,3,0,0,3,2,0,1
15,0,1,1,3,6,0,1
16,3,0,0,3,2,0,1
16,0,1,1,3,6,0,1
17,3,0,0,3,2,0,1
17,0,1,1,3,6,0,1
18,3,0,0,3,2,0,1
18,0,1,1,3,6,0,1
19,0,1,100,3,2,0,1
19,1,0,0,3,4,0,1
19,3,0,0,3,9,0,1
28,0,1,100,3,9,0,2
28,0,101,500,3,2,0,5
28,0,501,1000,3,2,0,1
28,3,0,0,3,9,0,1
29,0,1,100,3,9,0,2
29,0,101,500,3,2,0,5
29,0,501,1000,3,2,0,1
29,3,0,0,3,9,0,1
30,0,1,100,3,9,0,2
30,0,101,500,3,2,0,5
30,0,501,1000,3,2,0,1
30,3,0,0,3,9,0,1
31,0,1,100,3,9,0,2
31,0,101,500,3,2,0,5
31,0,501,1000,3,2,0,1
31,3,0,0,3,9,0,1
32,0,1,30,3,9,0,2
32,0,31,100,3,9,0,1
32,0,101,1000,3,6,0,1
32,3,0,0,3,2,0,1
33,0,1,30,3,9,0,2
33,0,31,100,3,9,0,1
33,0,101,1000,3,6,0,1
33,3,0,0,3,2,0,1
39,0,1,100,3,385,0,5
39,0,101,200,3,385,0,3
39,0,201,500,3,385,0,2
39,0,501,1000,3,385,0,1
39,0,1,1000,2,7004,0,1
39,3,0,0,3,9,0,1
1000,0,1,50,3,223,0,1
1000,0,1,100,1,10001,0,1
1000,1,0,0,1,10006,0,1
1000,2,0,0,3,2,0,1
1000,3,0,0,3,2,0,1
1001,0,1,50,3,224,0,1
1001,0,1,100,1,10002,0,1
1001,1,0,0,1,10007,0,1
1001,2,0,0,3,2,0,1
1001,3,0,0,3,2,0,1
1002,0,1,10,1,10003,0,1
1002,1,0,0,1,10008,0,1
1002,2,0,0,3,2,0,1
1002,3,0,0,3,2,0,2
1003,0,1,10,1,10004,0,1
1003,1,0,0,1,10009,0,1
1003,2,0,0,3,2,0,1
1003,3,1,100,3,2,0,2
1004,0,1,10,1,10005,0,1
1004,1,0,0,1,10010,0,1
1004,2,0,0,3,2,0,1
1004,3,1,100,3,2,0,2
1005,0,1,1,1,10001,0,1
1005,0,1,100,1,10001,0,1
1005,1,0,0,1,10006,0,1
1005,2,0,0,3,2,0,1
1005,3,0,0,5,100,0,100
1006,0,1,1,1,10002,0,1
1006,0,1,100,1,10002,0,1
1006,1,0,0,1,10007,0,1
1006,2,0,0,3,2,0,1
1006,3,0,0,5,100,0,100
1007,0,1,1,1,10003,0,1
1007,0,1,100,1,10003,0,1
1007,1,0,0,1,10008,0,1
1007,2,0,0,3,2,0,1
1007,3,0,0,5,100,0,100
1008,0,1,100,1,10004,0,1
1008,1,0,0,1,10009,0,1
1008,2,0,0,3,2,0,1
1008,3,1,100,5,100,0,100
1009,0,1,100,1,10005,0,1
1009,1,0,0,1,10009,0,1
1009,2,0,0,3,2,0,1
1009,3,1,100,5,100,0,100
1010,0,1,5,3,223,0,1
1010,0,1,100,1,10001,0,1
1010,1,0,0,1,10006,0,1
1010,2,0,0,3,2,0,1
1010,3,0,0,3,2,0,1
1011,0,1,5,3,224,0,1
1011,0,1,100,1,10002,0,1
1011,1,0,0,1,10007,0,1
1011,2,0,0,3,2,0,1
1011,3,0,0,3,2,0,1
1012,0,1,5,1,10007,0,1
1012,0,1,100,1,10003,0,1
1012,1,0,0,1,10007,0,1
1012,2,0,0,3,2,0,1
1012,3,0,0,3,2,0,1
1013,0,1,5,1,10008,0,1
1013,0,1,100,1,10004,0,1
1013,1,0,0,1,10008,0,1
1013,2,0,0,3,2,0,1
1013,3,0,0,3,2,0,1
1014,0,1,5,1,10009,0,1
1014,0,1,100,1,10005,0,1
1014,1,0,0,1,10009,0,1
1014,2,0,0,3,2,0,1
1014,3,0,0,3,2,0,1
1015,0,1,5,3,224,0,1
1015,0,1,100,1,10006,0,1
1015,1,0,0,1,10010,0,1
1015,2,0,0,3,2,0,1
1015,3,0,0,3,2,0,1
1016,0,1,30,1,10006,0,1
1016,0,31,100,1,10001,0,1
1016,1,0,0,1,10006,0,1
1016,2,0,0,3,2,0,1
1016,3,0,0,3,2,0,1
1017,0,1,30,1,10007,0,1
1017,0,31,100,1,10002,0,1
1017,1,0,0,1,10007,0,1
1017,2,0,0,3,2,0,1
1017,3,0,0,3,2,0,1
1018,0,1,30,1,10008,0,1
1018,0,31,100,1,10003,0,1
1018,1,0,0,1,10008,0,1
1018,2,0,0,3,2,0,1
1018,3,0,0,3,2,0,1
1019,0,1,30,1,10009,0,1
1019,0,31,100,1,10004,0,1
1019,1,0,0,1,10009,0,1
1019,2,0,0,3,2,0,1
1019,3,0,0,3,2,0,1
1020,0,1,30,1,10010,0,1
1020,0,31,100,1,10005,0,1
1020,1,0,0,1,10010,0,1
1020,2,0,0,3,2,0,1
1020,3,0,0,3,2,0,1
1021,0,1,5,1,10001,0,3
1021,0,6,50,1,10001,0,1
1021,1,0,0,1,10006,0,1
1021,2,0,0,3,2,0,1
1021,3,0,0,3,2,0,1
1022,0,1,5,1,10002,0,3
1022,0,6,50,1,10002,0,1
1022,1,0,0,1,10007,0,1
1022,2,0,0,3,2,0,1
1022,3,0,0,3,2,0,1
1023,0,1,5,1,10003,0,3
1023,0,6,50,1,10003,0,1
1023,1,0,0,1,10008,0,1
1023,2,0,0,3,2,0,1
1023,3,0,0,3,2,0,1
1024,0,1,5,1,10004,0,3
1024,0,6,50,1,10004,0,1
1024,1,0,0,1,10009,0,1
1024,2,0,0,3,2,0,1
1024,3,0,0,3,2,0,1
1025,0,1,5,1,10005,0,3
1025,0,6,50,1,10005,0,1
1025,1,0,0,1,10010,0,1
1025,2,0,0,3,2,0,1
1025,3,0,0,3,2,0,1
1026,0,1,50,3,6,0,1
1026,0,1,50,1,10001,0,1
1026,1,0,0,1,10006,0,1
1026,2,0,0,3,2,0,1
1026,3,0,0,3,2,0,1
1027,0,1,50,3,6,0,1
1027,0,1,50,1,10002,0,1
1027,1,0,0,1,10007,0,1
1027,2,0,0,3,2,0,1
1027,3,0,0,3,2,0,1
1028,0,1,50,3,6,0,1
1028,0,1,50,1,10003,0,1
1028,1,0,0,1,10008,0,1
1028,2,0,0,3,2,0,1
1028,3,0,0,3,2,0,1
1029,0,1,50,3,6,0,1
1029,0,1,50,1,10004,0,1
1029,1,0,0,1,10009,0,1
1029,2,0,0,3,2,0,1
1029,3,0,0,3,2,0,1
1030,0,1,50,3,6,0,1
1030,0,1,50,1,10005,0,1
1030,1,0,0,1,10010,0,1
1030,2,0,0,3,2,0,1
1030,3,0,0,3,2,0,1
1031,0,1,3,1,10001,0,2
1031,0,4,50,1,10001,0,1
1031,1,0,0,1,10006,0,1
1031,2,0,0,3,2,0,1
1031,3,0,0,3,2,0,2
1032,0,1,3,1,10002,0,2
1032,0,4,50,1,10002,0,1
1032,1,0,0,1,10007,0,1
1032,2,0,0,3,2,0,1
1032,3,0,0,3,2,0,2
1033,0,1,3,1,10003,0,2
1033,0,4,50,1,10003,0,1
1033,1,0,0,1,10008,0,1
1033,2,0,0,3,2,0,1
1033,3,0,0,3,2,0,2
1034,0,1,3,1,10004,0,2
1034,0,4,50,1,10004,0,1
1034,1,0,0,1,10009,0,1
1034,2,0,0,3,2,0,1
1034,3,0,0,3,2,0,2
1035,0,1,3,1,10005,0,2
1035,0,4,50,1,10005,0,1
1035,1,0,0,1,10010,0,1
1035,2,0,0,3,2,0,1
1035,3,0,0,3,2,0,2
1036,0,1,5,3,225,0,1
1036,0,1,100,1,10001,0,1
1036,1,0,0,1,10006,0,1
1036,2,0,0,3,2,0,1
1036,3,0,0,3,1,0,1
1037,0,1,5,3,226,0,1
1037,0,1,100,1,10002,0,1
1037,1,0,0,1,10007,0,1
1037,2,0,0,3,2,0,1
1037,3,0,0,3,1,0,1
1038,0,1,100,1,10003,0,2
1038,1,0,0,1,10008,0,1
1038,2,0,0,3,2,0,1
1038,3,0,0,3,1,0,1
1039,0,1,100,1,10004,0,2
1039,1,0,0,1,10009,0,1
1039,2,0,0,3,2,0,1
1039,3,0,0,3,1,0,1
1040,0,1,3,1,10002,0,2
1040,0,4,50,1,10002,0,1
1040,1,0,0,1,10007,0,1
1040,2,0,0,3,2,0,1
1040,3,0,0,3,2,0,2
1041,0,1,3,1,10003,0,2
1041,0,4,50,1,10003,0,1
1041,1,0,0,1,10008,0,1
1041,2,0,0,3,2,0,1
1041,3,0,0,3,2,0,2
1042,0,1,3,1,10004,0,2
1042,0,4,50,1,10004,0,1
1042,1,0,0,1,10009,0,1
1042,2,0,0,3,2,0,1
1042,3,0,0,3,2,0,2
1043,0,1,3,1,10005,0,2
1043,0,4,50,1,10005,0,1
1043,1,0,0,1,10010,0,1
1043,2,0,0,3,2,0,1
1043,3,0,0,3,2,0,2
1044,0,1,20,1,10001,0,2
1044,0,21,50,1,10001,0,1
1044,1,0,0,1,10006,0,1
1044,2,0,0,3,2,0,1
1044,3,0,0,3,2,0,1
1045,0,1,20,1,10002,0,2
1045,0,21,50,1,10002,0,1
1045,1,0,0,1,10007,0,1
1045,2,0,0,3,2,0,1
1045,3,0,0,3,2,0,1
1046,0,1,20,1,10003,0,2
1046,0,21,50,1,10003,0,1
1046,1,0,0,1,10008,0,1
1046,2,0,0,3,2,0,1
1046,3,0,0,3,2,0,1
1047,0,1,20,1,10004,0,2
1047,0,21,50,1,10004,0,1
1047,1,0,0,1,10009,0,1
1047,2,0,0,3,2,0,1
1047,3,0,0,3,2,0,1
1048,0,1,20,1,10005,0,2
1048,0,21,50,1,10005,0,1
1048,1,0,0,1,10010,0,1
1048,2,0,0,3,2,0,1
1048,3,0,0,3,2,0,1
1049,0,1,5,3,227,0,2
1049,0,6,15,3,227,0,1
1049,0,1,100,1,10001,0,1
1049,1,0,0,1,10006,0,1
1049,2,0,0,3,227,0,3
1049,3,0,0,3,1,0,1
1050,0,1,5,3,228,0,2
1050,0,6,15,3,228,0,1
1050,0,1,100,1,10002,0,1
1050,1,0,0,1,10007,0,1
1050,2,0,0,3,228,0,3
1050,3,0,0,3,1,0,1
1051,0,1,20,1,10001,0,2
1051,0,21,50,1,10001,0,1
1051,1,0,0,1,10006,0,1
1051,2,0,0,3,2,0,1
1051,3,0,0,3,2,0,1
1052,0,1,20,1,10002,0,2
1052,0,21,50,1,10002,0,1
1052,1,0,0,1,10007,0,1
1052,2,0,0,3,2,0,1
1052,3,0,0,3,2,0,1
1053,0,1,20,1,10003,0,2
1053,0,21,50,1,10003,0,1
1053,1,0,0,1,10008,0,1
1053,2,0,0,3,2,0,1
1053,3,0,0,3,2,0,1
1054,0,1,20,1,10004,0,2
1054,0,21,50,1,10004,0,1
1054,1,0,0,1,10009,0,1
1054,2,0,0,3,2,0,1
1054,3,0,0,3,2,0,1
1055,0,1,20,1,10005,0,2
1055,0,21,50,1,10005,0,1
1055,1,0,0,1,10010,0,1
1055,2,0,0,3,2,0,1
1055,3,0,0,3,2,0,1
1056,0,1,5,1,10001,0,3
1056,0,6,50,1,10001,0,1
1056,0,1,5,3,233,0,3
1056,0,6,10,3,233,0,2
1056,0,11,30,3,233,0,1
1056,1,0,0,1,10006,0,1
1056,2,0,0,3,233,0,5
1056,3,0,0,3,1,0,1
1057,0,1,5,1,10002,0,3
1057,0,6,50,1,10002,0,1
1057,0,1,5,3,233,0,3
1057,0,6,10,3,233,0,2
1057,0,11,30,3,233,0,1
1057,1,0,0,1,10007,0,1
1057,2,0,0,3,233,0,5
1057,3,0,0,3,1,0,1
1058,0,1,5,1,10003,0,3
1058,0,6,50,1,10003,0,1
1058,0,1,5,3,233,0,3
1058,0,6,10,3,233,0,2
1058,0,11,30,3,233,0,1
1058,1,0,0,1,10008,0,1
1058,2,0,0,3,233,0,5
1058,3,0,0,3,1,0,1
1059,0,1,5,1,10004,0,3
1059,0,6,50,1,10004,0,1
1059,0,1,5,3,233,0,3
1059,0,6,10,3,233,0,2
1059,0,11,30,3,233,0,1
1059,1,0,0,1,10009,0,1
1059,2,0,0,3,233,0,5
1059,3,0,0,3,1,0,1
1060,0,1,5,1,10005,0,3
1060,0,6,50,1,10005,0,1
1060,0,1,5,3,233,0,3
1060,0,6,10,3,233,0,2
1060,0,11,30,3,233,0,1
1060,1,0,0,1,10010,0,1
1060,2,0,0,3,233,0,5
1060,3,0,0,3,1,0,1
1061,0,1,5,3,223,0,1
1061,0,1,100,1,10001,0,1
1061,1,0,0,1,10006,0,1
1061,2,0,0,3,223,0,1
1061,3,0,0,3,1,0,1
1062,0,1,5,3,223,0,1
1062,0,1,100,1,10002,0,1
1062,1,0,0,1,10007,0,1
1062,2,0,0,3,223,0,1
1062,3,0,0,3,1,0,1
1063,0,1,5,3,223,0,1
1063,0,1,100,1,10003,0,1
1063,1,0,0,1,10008,0,1
1063,2,0,0,3,223,0,1
1063,3,0,0,3,1,0,1
1064,0,1,5,3,223,0,1
1064,0,1,100,1,10004,0,1
1064,1,0,0,1,10009,0,1
1064,2,0,0,3,223,0,1
1064,3,0,0,3,1,0,1
1065,0,1,5,3,223,0,1
1065,0,1,100,1,10005,0,1
1065,1,0,0,1,10010,0,1
1065,2,0,0,3,223,0,1
1065,3,0,0,3,1,0,1
1066,0,1,20,1,10001,0,2
1066,0,21,50,1,10001,0,1
1066,1,0,0,1,10006,0,1
1066,2,0,0,3,2,0,1
1066,3,0,0,3,2,0,1
1067,0,1,20,1,10002,0,2
1067,0,21,50,1,10002,0,1
1067,1,0,0,1,10007,0,1
1067,2,0,0,3,2,0,1
1067,3,0,0,3,2,0,1
1068,0,1,20,1,10003,0,2
1068,0,21,50,1,10003,0,1
1068,1,0,0,1,10008,0,1
1068,2,0,0,3,2,0,1
1068,3,0,0,3,2,0,1
1069,0,1,20,1,10004,0,2
1069,0,21,50,1,10004,0,1
1069,1,0,0,1,10009,0,1
1069,2,0,0,3,2,0,1
1069,3,0,0,3,2,0,1
1070,0,1,20,1,10005,0,2
1070,0,21,50,1,10005,0,1
1070,1,0,0,1,10010,0,1
1070,2,0,0,3,2,0,1
1070,3,0,0,3,2,0,1
1071,0,1,5,3,354,0,2
1071,0,6,10,3,354,0,1
1071,0,1,1,1,10006,0,1
1071,0,2,100,1,10001,0,1
1071,1,0,0,3,2,0,1
1071,2,0,0,3,2,0,1
1071,3,0,0,3,1,0,1
1072,0,1,5,3,354,0,2
1072,0,6,10,3,354,0,1
1072,0,1,1,1,10007,0,1
1072,0,2,100,1,10002,0,1
1072,1,0,0,3,2,0,1
1072,2,0,0,3,2,0,1
1072,3,0,0,3,1,0,1
1073,0,1,5,3,354,0,2
1073,0,6,10,3,354,0,1
1073,0,1,1,1,10008,0,1
1073,0,2,100,1,10003,0,1
1073,1,0,0,3,2,0,1
1073,2,0,0,3,2,0,1
1073,3,0,0,3,1,0,1
1074,0,1,5,3,354,0,2
1074,0,6,10,3,354,0,1
1074,0,1,1,1,10009,0,1
1074,0,2,100,1,10004,0,1
1074,1,0,0,3,2,0,1
1074,2,0,0,3,2,0,1
1074,3,0,0,3,1,0,1
1075,0,1,5,3,354,0,2
1075,0,6,10,3,354,0,1
1075,0,1,1,1,10010,0,1
1075,0,2,100,1,10005,0,1
1075,1,0,0,3,2,0,1
1075,2,0,0,3,2,0,1
1075,3,0,0,3,1,0,1
1076,0,1,5,1,10001,0,2
1076,0,6,10,1,10001,0,1
1076,1,0,0,3,1,0,1
1076,2,0,0,2,5000,0,1
1076,3,0,0,3,2,0,1
1077,0,1,5,1,10002,0,2
1077,0,6,10,1,10002,0,1
1077,1,0,0,3,1,0,1
1077,2,0,0,2,5000,0,1
1077,3,0,0,3,2,0,1
1078,0,1,5,1,10003,0,2
1078,0,6,10,1,10003,0,1
1078,1,0,0,3,1,0,1
1078,2,0,0,2,5000,0,1
1078,3,0,0,3,2,0,1
1079,0,1,5,1,10004,0,2
1079,0,6,10,1,10004,0,1
1079,1,0,0,3,1,0,1
1079,2,0,0,2,5000,0,1
1079,3,0,0,3,2,0,1
1080,0,1,5,1,10005,0,2
1080,0,6,10,1,10005,0,1
1080,1,0,0,3,1,0,1
1080,2,0,0,2,5000,0,1
1080,3,0,0,3,2,0,1
1081,0,1,5,1,10001,0,2
1081,0,6,10,1,10001,0,1
1081,1,0,0,3,1,0,1
1081,2,0,0,2,5000,0,1
1081,3,0,0,3,2,0,1
1082,0,1,5,1,10002,0,2
1082,0,6,10,1,10002,0,1
1082,1,0,0,3,1,0,1
1082,2,0,0,2,5000,0,1
1082,3,0,0,3,2,0,1
1083,0,1,5,1,10003,0,2
1083,0,6,10,1,10003,0,1
1083,1,0,0,3,1,0,1
1083,2,0,0,2,5000,0,1
1083,3,0,0,3,2,0,1
1084,0,1,5,1,10004,0,2
1084,0,6,10,1,10004,0,1
1084,1,0,0,3,1,0,1
1084,2,0,0,2,5000,0,1
1084,3,0,0,3,2,0,1
1085,0,1,5,1,10005,0,2
1085,0,6,10,1,10005,0,1
1085,1,0,0,3,1,0,1
1085,2,0,0,2,5000,0,1
1085,3,0,0,3,2,0,1
1086,0,1,5,1,10001,0,2
1086,0,6,10,1,10001,0,1
1086,1,0,0,3,1,0,1
1086,2,0,0,2,5000,0,1
1086,3,0,0,3,2,0,1
1087,0,1,5,1,10002,0,2
1087,0,6,10,1,10002,0,1
1087,1,0,0,3,1,0,1
1087,2,0,0,2,5000,0,1
1087,3,0,0,3,2,0,1
1088,0,1,5,1,10003,0,2
1088,0,6,10,1,10003,0,1
1088,1,0,0,3,1,0,1
1088,2,0,0,2,5000,0,1
1088,3,0,0,3,2,0,1
1089,0,1,5,1,10004,0,2
1089,0,6,10,1,10004,0,1
1089,1,0,0,3,1,0,1
1089,2,0,0,2,5000,0,1
1089,3,0,0,3,2,0,1
1090,0,1,5,1,10005,0,2
1090,0,6,10,1,10005,0,1
1090,1,0,0,3,1,0,1
1090,2,0,0,2,5000,0,1
1090,3,0,0,3,2,0,1
1091,0,1,5,1,10001,0,2
1091,0,6,10,1,10001,0,1
1091,1,0,0,3,1,0,1
1091,2,0,0,2,5000,0,1
1091,3,0,0,3,2,0,1
1092,0,1,5,1,10002,0,2
1092,0,6,10,1,10002,0,1
1092,1,0,0,3,1,0,1
1092,2,0,0,2,5000,0,1
1092,3,0,0,3,2,0,1
1093,0,1,5,1,10003,0,2
1093,0,6,10,1,10003,0,1
1093,1,0,0,3,1,0,1
1093,2,0,0,2,5000,0,1
1093,3,0,0,3,2,0,1
1094,0,1,5,1,10004,0,2
1094,0,6,10,1,10004,0,1
1094,1,0,0,3,1,0,1
1094,2,0,0,2,5000,0,1
1094,3,0,0,3,2,0,1
1095,0,1,5,1,10005,0,2
1095,0,6,10,1,10005,0,1
1095,1,0,0,3,1,0,1
1095,2,0,0,2,5000,0,1
1095,3,0,0,3,2,0,1
1096,0,1,5,1,10001,0,2
1096,0,6,10,1,10001,0,1
1096,1,0,0,3,1,0,1
1096,2,0,0,3,2,0,1
1096,3,0,0,3,2,0,1
1097,0,1,5,1,10002,0,2
1097,0,6,10,1,10002,0,1
1097,1,0,0,3,1,0,1
1097,2,0,0,3,2,0,1
1097,3,0,0,3,2,0,1
1098,0,1,5,1,10003,0,2
1098,0,6,10,1,10003,0,1
1098,1,0,0,3,1,0,1
1098,2,0,0,3,2,0,1
1098,3,0,0,3,2,0,1
1099,0,1,5,1,10004,0,2
1099,0,6,10,1,10004,0,1
1099,1,0,0,3,1,0,1
1099,2,0,0,3,2,0,1
1099,3,0,0,3,2,0,1
1100,0,1,5,1,10005,0,2
1100,0,6,10,1,10005,0,1
1100,1,0,0,3,1,0,1
1100,2,0,0,3,2,0,1
1100,3,0,0,3,2,0,1
1101,0,1,5,3,377,0,2
1101,0,6,10,3,377,0,1
1101,0,1,1,1,10006,0,1
1101,0,2,100,1,10001,0,1
1101,1,0,0,3,2,0,1
1101,2,0,0,3,2,0,1
1101,3,0,0,3,1,0,1
1102,0,1,5,3,377,0,2
1102,0,6,10,3,377,0,1
1102,0,1,1,1,10007,0,1
1102,0,2,100,1,10002,0,1
1102,1,0,0,3,2,0,1
1102,2,0,0,3,2,0,1
1102,3,0,0,3,1,0,1
1103,0,1,5,3,377,0,2
1103,0,6,10,3,377,0,1
1103,0,1,1,1,10008,0,1
1103,0,2,100,1,10003,0,1
1103,1,0,0,3,2,0,1
1103,2,0,0,3,2,0,1
1103,3,0,0,3,1,0,1
1104,0,1,5,3,377,0,2
1104,0,6,10,3,377,0,1
1104,0,1,1,1,10009,0,1
1104,0,2,100,1,10004,0,1
1104,1,0,0,3,2,0,1
1104,2,0,0,3,2,0,1
1104,3,0,0,3,1,0,1
1105,0,1,5,3,377,0,2
1105,0,6,10,3,377,0,1
1105,0,1,1,1,10010,0,1
1105,0,2,100,1,10005,0,1
1105,1,0,0,3,2,0,1
1105,2,0,0,3,2,0,1
1105,3,0,0,3,1,0,1
1106,0,1,10,1,10001,0,3
1106,0,11,100,1,10001,0,1
1106,1,0,0,3,2,0,1
1106,2,0,0,3,378,0,1
1106,3,0,0,3,1,0,1
1107,0,1,10,1,10002,0,3
1107,0,11,100,1,10002,0,1
1107,1,0,0,3,2,0,1
1107,2,0,0,3,378,0,1
1107,3,0,0,3,1,0,1
1108,0,1,10,1,10003,0,3
1108,0,11,100,1,10003,0,1
1108,1,0,0,3,2,0,1
1108,2,0,0,3,378,0,1
1108,3,0,0,3,1,0,1
1109,0,1,10,1,10004,0,3
1109,0,11,100,1,10004,0,1
1109,1,0,0,3,2,0,1
1109,2,0,0,3,378,0,1
1109,3,0,0,3,1,0,1
1110,0,1,10,1,10005,0,3
1110,0,11,100,1,10005,0,1
1110,1,0,0,3,2,0,1
1110,2,0,0,3,378,0,1
1110,3,0,0,3,1,0,1
1111,0,1,5,3,384,0,2
1111,0,6,10,3,384,0,1
1111,0,1,1,1,10006,0,1
1111,0,2,100,1,10001,0,1
1111,1,0,0,3,2,0,1
1111,2,0,0,3,2,0,1
1111,3,0,0,3,1,0,1
1112,0,1,5,3,384,0,2
1112,0,6,10,3,384,0,1
1112,0,1,1,1,10007,0,1
1112,0,2,100,1,10002,0,1
1112,1,0,0,3,2,0,1
1112,2,0,0,3,2,0,1
1112,3,0,0,3,1,0,1
1113,0,1,5,3,384,0,2
1113,0,6,10,3,384,0,1
1113,0,1,1,1,10008,0,1
1113,0,2,100,1,10003,0,1
1113,1,0,0,3,2,0,1
1113,2,0,0,3,2,0,1
1113,3,0,0,3,1,0,1
1114,0,1,5,3,384,0,2
1114,0,6,10,3,384,0,1
1114,0,1,1,1,10009,0,1
1114,0,2,100,1,10004,0,1
1114,1,0,0,3,2,0,1
1114,2,0,0,3,2,0,1
1114,3,0,0,3,1,0,1
1115,0,1,5,3,384,0,2
1115,0,6,10,3,384,0,1
1115,0,1,1,1,10010,0,1
1115,0,2,100,1,10005,0,1
1115,1,0,0,3,2,0,1
1115,2,0,0,3,2,0,1
1115,3,0,0,3,1,0,1
1116,0,1,10,1,10001,0,3
1116,0,11,100,1,10001,0,1
1116,1,0,0,3,2,0,1
1116,2,0,0,3,385,0,1
1116,3,0,0,3,1,0,1
1117,0,1,10,1,10002,0,3
1117,0,11,100,1,10002,0,1
1117,1,0,0,3,2,0,1
1117,2,0,0,3,385,0,1
1117,3,0,0,3,1,0,1
1118,0,1,10,1,10003,0,3
1118,0,11,100,1,10003,0,1
1118,1,0,0,3,2,0,1
1118,2,0,0,3,385,0,1
1118,3,0,0,3,1,0,1
1119,0,1,10,1,10004,0,3
1119,0,11,100,1,10004,0,1
1119,1,0,0,3,2,0,1
1119,2,0,0,3,385,0,1
1119,3,0,0,3,1,0,1
1120,0,1,10,1,10005,0,3
1120,0,11,100,1,10005,0,1
1120,1,0,0,3,2,0,1
1120,2,0,0,3,385,0,1
1120,3,0,0,3,1,0,1
2000,0,1,10,3,223,0,3
2000,0,11,50,3,223,0,2
2000,0,51,100,3,223,0,1
2000,0,1,100,1,10006,0,1
2000,0,101,300,1,10001,0,1
2000,1,0,0,3,9,0,3
2000,2,0,0,3,9,0,3
2000,2,0,0,3,223,0,1
2000,3,0,0,3,2,0,3
2001,0,1,10,3,223,0,3
2001,0,11,50,3,223,0,2
2001,0,51,100,3,223,0,1
2001,0,1,100,1,10007,0,1
2001,0,101,300,1,10002,0,1
2001,1,0,0,3,9,0,3
2001,2,0,0,3,9,0,3
2001,2,0,0,3,223,0,1
2001,3,0,0,3,2,0,3
2002,0,1,10,3,224,0,3
2002,0,11,50,3,224,0,2
2002,0,51,100,3,224,0,1
2002,0,1,100,1,10008,0,1
2002,0,101,300,1,10003,0,1
2002,1,0,0,3,9,0,3
2002,2,0,0,3,9,0,3
2002,2,0,0,3,224,0,1
2002,3,0,0,3,2,0,3
2003,0,1,10,3,224,0,3
2003,0,11,50,3,224,0,2
2003,0,51,100,3,224,0,1
2003,0,1,100,1,10009,0,1
2003,0,101,300,1,10004,0,1
2003,1,0,0,3,9,0,3
2003,2,0,0,3,9,0,3
2003,2,0,0,3,224,0,1
2003,3,0,0,3,2,0,3
2004,0,1,10,1,10006,0,1
2004,0,1,100,1,10006,0,1
2004,0,101,300,1,10001,0,1
2004,1,0,0,3,82,0,1
2004,2,0,0,3,9,0,3
2004,3,0,0,3,2,0,3
2005,0,1,10,1,10007,0,1
2005,0,1,100,1,10007,0,1
2005,0,101,300,1,10002,0,3
2005,1,0,0,3,82,0,1
2005,2,0,0,3,9,0,3
2005,3,0,0,3,2,0,3
2006,0,1,10,1,10008,0,1
2006,0,1,100,1,10008,0,1
2006,0,101,300,1,10003,0,3
2006,1,0,0,3,82,0,1
2006,2,0,0,3,9,0,3
2006,3,0,0,3,2,0,3
2007,0,1,50,1,10009,0,1
2007,0,51,200,1,10004,0,3
2007,1,0,0,3,82,0,1
2007,2,0,0,3,9,0,3
2007,3,0,0,3,2,0,3
2008,0,1,50,1,10010,0,1
2008,0,51,200,1,10005,0,3
2008,1,0,0,3,82,0,1
2008,2,0,0,3,9,0,3
2008,3,0,0,3,2,0,3
2009,0,1,15,3,82,0,1
2009,0,1,50,1,10006,0,1
2009,1,0,0,3,7,0,1
2009,2,0,0,3,9,0,3
2009,3,0,0,3,4,0,1
2010,0,1,15,3,82,0,1
2010,0,1,50,1,10007,0,1
2010,1,0,0,3,7,0,1
2010,2,0,0,3,9,0,3
2010,3,0,0,3,4,0,1
2011,0,1,15,3,82,0,1
2011,0,1,50,1,10008,0,1
2011,1,0,0,3,7,0,1
2011,2,0,0,3,9,0,3
2011,3,0,0,3,4,0,1
2012,0,1,15,3,82,0,1
2012,0,1,50,1,10009,0,1
2012,1,0,0,3,7,0,1
2012,2,0,0,3,9,0,3
2012,3,0,0,3,4,0,1
2013,0,1,15,3,82,0,1
2013,0,1,50,1,10010,0,1
2013,1,0,0,3,7,0,1
2013,2,0,0,3,9,0,3
2013,3,0,0,3,4,0,1
2014,0,1,50,1,10006,0,2
2014,0,51,100,1,10006,0,1
2014,0,101,300,1,10001,0,1
2014,1,0,0,3,9,0,3
2014,2,0,0,3,9,0,3
2014,3,0,0,3,2,0,3
2015,0,1,50,1,10007,0,2
2015,0,51,100,1,10007,0,1
2015,0,101,300,1,10002,0,1
2015,1,0,0,3,9,0,3
2015,2,0,0,3,9,0,3
2015,3,0,0,3,2,0,3
2016,0,1,50,1,10008,0,2
2016,0,51,100,1,10008,0,1
2016,0,101,300,1,10003,0,1
2016,1,0,0,3,9,0,3
2016,2,0,0,3,9,0,3
2016,3,0,0,3,2,0,3
2017,0,1,50,1,10009,0,2
2017,0,51,100,1,10009,0,1
2017,0,101,300,1,10004,0,1
2017,1,0,0,3,9,0,3
2017,2,0,0,3,9,0,3
2017,3,0,0,3,2,0,3
2018,0,1,50,1,10010,0,2
2018,0,51,100,1,10010,0,1
2018,0,101,300,1,10005,0,1
2018,1,0,0,3,9,0,3
2018,2,0,0,3,9,0,3
2018,3,0,0,3,2,0,3
2019,0,1,50,3,7,0,2
2019,0,51,100,3,7,0,1
2019,0,1,300,1,10001,0,1
2019,1,0,0,3,9,0,3
2019,2,0,0,3,9,0,3
2019,3,0,0,3,2,0,3
2020,0,1,50,3,7,0,2
2020,0,51,100,3,7,0,1
2020,0,1,300,1,10002,0,1
2020,1,0,0,3,9,0,3
2020,2,0,0,3,9,0,3
2020,3,0,0,3,2,0,3
2021,0,1,50,3,7,0,2
2021,0,51,100,3,7,0,1
2021,0,1,300,1,10003,0,1
2021,1,0,0,3,9,0,3
2021,2,0,0,3,9,0,3
2021,3,0,0,3,2,0,3
2022,0,1,50,3,7,0,2
2022,0,51,100,3,7,0,1
2022,0,1,300,1,10004,0,1
2022,1,0,0,3,9,0,3
2022,2,0,0,3,9,0,3
2022,3,0,0,3,2,0,3
2023,0,1,50,3,7,0,2
2023,0,51,100,3,7,0,1
2023,0,1,300,1,10005,0,1
2023,1,0,0,3,9,0,3
2023,2,0,0,3,9,0,3
2023,3,0,0,3,2,0,3
2024,0,1,10,3,225,0,2
2024,0,11,50,3,225,0,1
2024,0,1,10,1,10006,0,1
2024,0,11,50,1,10001,0,1
2024,1,0,0,3,9,0,2
2024,2,0,0,3,9,0,2
2024,2,0,0,3,225,0,1
2024,3,0,0,3,2,0,1
2025,0,1,10,3,226,0,2
2025,0,11,50,3,226,0,1
2025,0,1,10,1,10007,0,1
2025,0,11,50,1,10002,0,1
2025,1,0,0,3,9,0,2
2025,2,0,0,3,9,0,2
2025,2,0,0,3,226,0,1
2025,3,0,0,3,2,0,1
2026,0,1,10,3,225,0,2
2026,0,11,50,3,225,0,1
2026,0,1,10,1,10008,0,1
2026,0,11,50,1,10003,0,1
2026,1,0,0,3,9,0,2
2026,2,0,0,3,9,0,2
2026,2,0,0,3,225,0,1
2026,3,0,0,3,2,0,1
2027,0,1,10,3,226,0,2
2027,0,11,50,3,226,0,1
2027,0,1,10,1,10009,0,1
2027,0,11,50,1,10004,0,1
2027,1,0,0,3,9,0,2
2027,2,0,0,3,9,0,2
2027,2,0,0,3,226,0,1
2027,3,0,0,3,2,0,1
2028,0,1,10,3,7,0,2
2028,0,11,50,3,7,0,1
2028,0,1,300,1,10005,0,1
2028,1,0,0,3,9,0,2
2028,2,0,0,3,9,0,2
2028,3,0,0,3,2,0,1
2029,0,1,10,1,10006,0,2
2029,0,11,20,1,10006,0,1
2029,0,21,100,1,10001,0,1
2029,1,0,0,3,9,0,3
2029,2,0,0,3,9,0,3
2029,3,0,0,3,2,0,3
2030,0,1,10,1,10007,0,2
2030,0,11,20,1,10007,0,1
2030,0,21,100,1,10002,0,1
2030,1,0,0,3,9,0,3
2030,2,0,0,3,9,0,3
2030,3,0,0,3,2,0,3
2031,0,1,10,1,10008,0,2
2031,0,11,20,1,10008,0,1
2031,0,21,100,1,10003,0,1
2031,1,0,0,3,9,0,3
2031,2,0,0,3,9,0,3
2031,3,0,0,3,2,0,3
2032,0,1,10,1,10009,0,2
2032,0,11,20,1,10009,0,1
2032,0,21,100,1,10004,0,1
2032,1,0,0,3,9,0,3
2032,2,0,0,3,9,0,3
2032,3,0,0,3,2,0,3
2033,0,1,10,1,10010,0,2
2033,0,11,20,1,10010,0,1
2033,0,21,100,1,10005,0,1
2033,1,0,0,3,9,0,3
2033,2,0,0,3,9,0,3
2033,3,0,0,3,2,0,3
2034,0,1,10,3,227,0,5
2034,0,11,50,3,227,0,3
2034,0,1,10,1,10006,0,1
2034,0,11,50,1,10001,0,1
2034,1,0,0,3,9,0,2
2034,2,0,0,3,9,0,2
2034,2,0,0,3,227,0,10
2034,3,0,0,3,2,0,1
2035,0,1,10,3,228,0,5
2035,0,11,50,3,228,0,3
2035,0,1,10,1,10007,0,1
2035,0,11,50,1,10002,0,1
2035,1,0,0,3,9,0,2
2035,2,0,0,3,9,0,2
2035,2,0,0,3,228,0,10
2035,3,0,0,3,2,0,1
2036,0,1,10,3,227,0,5
2036,0,11,50,3,227,0,3
2036,0,1,10,1,10006,0,1
2036,0,11,50,1,10001,0,1
2036,1,0,0,3,9,0,2
2036,2,0,0,3,9,0,2
2036,2,0,0,3,227,0,10
2036,3,0,0,3,2,0,1
2037,0,1,10,3,228,0,5
2037,0,11,50,3,228,0,3
2037,0,1,10,1,10007,0,1
2037,0,11,50,1,10002,0,1
2037,1,0,0,3,9,0,2
2037,2,0,0,3,9,0,2
2037,2,0,0,3,228,0,10
2037,3,0,0,3,2,0,1
2038,0,1,10,3,7,0,2
2038,0,11,50,3,7,0,1
2038,0,1,300,1,10001,0,1
2038,1,0,0,3,9,0,2
2038,2,0,0,3,9,0,2
2038,3,0,0,3,2,0,1
2039,0,1,10,3,7,0,2
2039,0,11,50,3,7,0,1
2039,0,1,300,1,10002,0,1
2039,1,0,0,3,9,0,2
2039,2,0,0,3,9,0,2
2039,3,0,0,3,2,0,1
2042,0,1,10,1,10006,0,2
2042,0,11,20,1,10006,0,1
2042,0,21,100,1,10001,0,1
2042,1,0,0,3,9,0,3
2042,2,0,0,3,9,0,3
2042,3,0,0,3,2,0,3
2043,0,1,10,1,10007,0,2
2043,0,11,20,1,10007,0,1
2043,0,21,100,1,10002,0,1
2043,1,0,0,3,9,0,3
2043,2,0,0,3,9,0,3
2043,3,0,0,3,2,0,3
2044,0,1,10,1,10008,0,2
2044,0,11,20,1,10008,0,1
2044,0,21,100,1,10003,0,1
2044,1,0,0,3,9,0,3
2044,2,0,0,3,9,0,3
2044,3,0,0,3,2,0,3
2045,0,1,10,1,10009,0,2
2045,0,11,20,1,10009,0,1
2045,0,21,100,1,10004,0,1
2045,1,0,0,3,9,0,3
2045,2,0,0,3,9,0,3
2045,3,0,0,3,2,0,3
2046,0,1,10,1,10010,0,2
2046,0,11,20,1,10010,0,1
2046,0,21,100,1,10005,0,1
2046,1,0,0,3,9,0,3
2046,2,0,0,3,9,0,3
2046,3,0,0,3,2,0,3
2047,0,1,10,3,223,0,3
2047,0,11,50,3,223,0,1
2047,0,1,10,1,10006,0,1
2047,0,11,50,1,10001,0,1
2047,1,0,0,3,9,0,2
2047,2,0,0,3,9,0,2
2047,2,0,0,3,223,0,5
2047,3,0,0,3,2,0,1
2048,0,1,10,3,223,0,3
2048,0,11,50,3,223,0,1
2048,0,1,10,1,10007,0,1
2048,0,11,50,1,10002,0,1
2048,1,0,0,3,9,0,2
2048,2,0,0,3,9,0,2
2048,2,0,0,3,223,0,5
2048,3,0,0,3,2,0,1
2049,0,1,10,3,223,0,3
2049,0,11,50,3,223,0,1
2049,0,1,10,1,10008,0,1
2049,0,11,50,1,10003,0,1
2049,1,0,0,3,9,0,2
2049,2,0,0,3,9,0,2
2049,2,0,0,3,223,0,5
2049,3,0,0,3,2,0,1
2050,0,1,10,3,223,0,3
2050,0,11,50,3,223,0,1
2050,0,1,10,1,10009,0,1
2050,0,11,50,1,10004,0,1
2050,1,0,0,3,9,0,2
2050,2,0,0,3,9,0,2
2050,2,0,0,3,223,0,5
2050,3,0,0,3,2,0,1
2051,0,1,10,3,223,0,3
2051,0,11,50,3,223,0,1
2051,0,1,10,1,10010,0,1
2051,0,11,50,1,10005,0,1
2051,1,0,0,3,9,0,2
2051,2,0,0,3,9,0,2
2051,2,0,0,3,223,0,5
2051,3,0,0,3,2,0,1
2054,0,1,10,3,7,0,2
2054,0,11,50,3,7,0,1
2054,0,1,300,1,10001,0,1
2054,1,0,0,3,9,0,2
2054,2,0,0,3,9,0,2
2054,3,0,0,3,2,0,1
2055,0,1,10,3,7,0,2
2055,0,11,50,3,7,0,1
2055,0,1,300,1,10002,0,1
2055,1,0,0,3,9,0,2
2055,2,0,0,3,9,0,2
2055,3,0,0,3,2,0,1
2056,0,1,10,3,7,0,2
2056,0,11,50,3,7,0,1
2056,0,1,300,1,10003,0,1
2056,1,0,0,3,9,0,2
2056,2,0,0,3,9,0,2
2056,3,0,0,3,2,0,1
2057,0,1,10,3,7,0,2
2057,0,11,50,3,7,0,1
2057,0,1,300,1,10004,0,1
2057,1,0,0,3,9,0,2
2057,2,0,0,3,9,0,2
2057,3,0,0,3,2,0,1
2058,0,1,10,3,7,0,2
2058,0,11,50,3,7,0,1
2058,0,1,300,1,10005,0,1
2058,1,0,0,3,9,0,2
2058,2,0,0,3,9,0,2
2058,3,0,0,3,2,0,1
2061,0,1,50,1,10006,0,2
2061,0,51,100,1,10006,0,1
2061,0,101,300,1,10001,0,1
2061,1,0,0,3,9,0,3
2061,2,0,0,3,9,0,3
2061,3,0,0,3,2,0,3
2062,0,1,50,1,10007,0,2
2062,0,51,100,1,10007,0,1
2062,0,101,300,1,10002,0,1
2062,1,0,0,3,9,0,3
2062,2,0,0,3,9,0,3
2062,3,0,0,3,2,0,3
2063,0,1,50,1,10008,0,2
2063,0,51,100,1,10008,0,1
2063,0,101,300,1,10003,0,1
2063,1,0,0,3,9,0,3
2063,2,0,0,3,9,0,3
2063,3,0,0,3,2,0,3
2064,0,1,50,1,10009,0,2
2064,0,51,100,1,10009,0,1
2064,0,101,300,1,10004,0,1
2064,1,0,0,3,9,0,3
2064,2,0,0,3,9,0,3
2064,3,0,0,3,2,0,3
2065,0,1,50,1,10010,0,2
2065,0,51,100,1,10010,0,1
2065,0,101,300,1,10005,0,1
2065,1,0,0,3,9,0,3
2065,2,0,0,3,9,0,3
2065,3,0,0,3,2,0,3
2066,0,1,10,3,354,0,3
2066,0,11,30,3,354,0,2
2066,0,31,50,3,354,0,1
2066,0,1,10,1,10006,0,1
2066,0,11,50,1,10001,0,1
2066,0,1,1,3,9,0,1
2066,1,0,0,3,3,0,1
2066,2,0,0,3,9,0,2
2066,2,0,0,3,354,0,5
2066,3,0,0,3,2,0,1
2067,0,1,10,3,354,0,3
2067,0,11,30,3,354,0,2
2067,0,31,50,3,354,0,1
2067,0,1,10,1,10007,0,1
2067,0,11,50,1,10002,0,1
2067,0,1,1,3,9,0,1
2067,1,0,0,3,3,0,1
2067,2,0,0,3,9,0,2
2067,2,0,0,3,354,0,5
2067,3,0,0,3,2,0,1
2068,0,1,10,3,354,0,3
2068,0,11,30,3,354,0,2
2068,0,31,50,3,354,0,1
2068,0,1,10,1,10008,0,1
2068,0,11,50,1,10003,0,1
2068,0,1,1,3,9,0,1
2068,1,0,0,3,3,0,1
2068,2,0,0,3,9,0,2
2068,2,0,0,3,354,0,5
2068,3,0,0,3,2,0,1
2069,0,1,10,3,354,0,3
2069,0,11,30,3,354,0,2
2069,0,31,50,3,354,0,1
2069,0,1,10,1,10009,0,1
2069,0,11,50,1,10004,0,1
2069,0,1,1,3,9,0,1
2069,1,0,0,3,3,0,1
2069,2,0,0,3,9,0,2
2069,2,0,0,3,354,0,5
2069,3,0,0,3,2,0,1
2070,0,1,10,3,354,0,3
2070,0,11,30,3,354,0,2
2070,0,31,50,3,354,0,1
2070,0,1,10,1,10010,0,1
2070,0,11,50,1,10005,0,1
2070,0,1,1,3,9,0,1
2070,1,0,0,3,3,0,1
2070,2,0,0,3,9,0,2
2070,2,0,0,3,354,0,5
2070,3,0,0,3,2,0,1
2071,0,1,10,3,7,0,2
2071,0,11,50,3,7,0,1
2071,0,1,300,1,10001,0,1
2071,0,1,1,3,9,0,1
2071,1,0,0,3,3,0,1
2071,2,0,0,3,9,0,2
2071,3,0,0,3,2,0,1
2072,0,1,10,3,7,0,2
2072,0,11,50,3,7,0,1
2072,0,1,300,1,10002,0,1
2072,0,1,1,3,9,0,1
2072,1,0,0,3,3,0,1
2072,2,0,0,3,9,0,2
2072,3,0,0,3,2,0,1
2073,0,1,10,3,7,0,2
2073,0,11,50,3,7,0,1
2073,0,1,300,1,10003,0,1
2073,0,1,1,3,9,0,1
2073,1,0,0,3,3,0,1
2073,2,0,0,3,9,0,2
2073,3,0,0,3,2,0,1
2074,0,1,10,3,7,0,2
2074,0,11,50,3,7,0,1
2074,0,1,300,1,10004,0,1
2074,0,1,1,3,9,0,1
2074,1,0,0,3,3,0,1
2074,2,0,0,3,9,0,2
2074,3,0,0,3,2,0,1
2075,0,1,10,3,7,0,2
2075,0,11,50,3,7,0,1
2075,0,1,300,1,10005,0,1
2075,0,1,1,3,9,0,1
2075,1,0,0,3,3,0,1
2075,2,0,0,3,9,0,2
2075,3,0,0,3,2,0,1
2076,0,1,10,1,10006,0,2
2076,0,11,30,1,10006,0,1
2076,0,31,100,1,10001,0,1
2076,0,1,10,2,5009,0,2
2076,0,11,30,2,5009,0,1
2076,1,0,0,3,3,0,1
2076,2,0,0,2,5000,0,1
2076,2,0,0,3,9,0,3
2076,3,0,0,3,2,0,2
2077,0,1,10,1,10007,0,2
2077,0,11,30,1,10007,0,1
2077,0,31,100,1,10002,0,1
2077,0,1,10,2,5009,0,2
2077,0,11,30,2,5009,0,1
2077,1,0,0,3,3,0,1
2077,2,0,0,2,5000,0,1
2077,2,0,0,3,9,0,3
2077,3,0,0,3,2,0,2
2078,0,1,10,1,10008,0,2
2078,0,11,30,1,10008,0,1
2078,0,31,100,1,10003,0,1
2078,0,1,10,2,5009,0,2
2078,0,11,30,2,5009,0,1
2078,1,0,0,3,3,0,1
2078,2,0,0,2,5000,0,1
2078,2,0,0,3,9,0,3
2078,3,0,0,3,2,0,2
2079,0,1,10,1,10009,0,2
2079,0,11,30,1,10009,0,1
2079,0,31,100,1,10004,0,1
2079,0,1,10,2,5009,0,2
2079,0,11,30,2,5009,0,1
2079,1,0,0,3,3,0,1
2079,2,0,0,2,5000,0,1
2079,2,0,0,3,9,0,3
2079,3,0,0,3,2,0,2
2080,0,1,10,1,10010,0,2
2080,0,11,30,1,10010,0,1
2080,0,31,100,1,10005,0,1
2080,0,1,10,2,5009,0,2
2080,0,11,30,2,5009,0,1
2080,1,0,0,3,3,0,1
2080,2,0,0,2,5000,0,1
2080,2,0,0,3,9,0,3
2080,3,0,0,3,2,0,2
2081,0,1,10,1,10006,0,2
2081,0,11,30,1,10006,0,1
2081,0,31,100,1,10001,0,1
2081,0,1,10,2,5010,0,2
2081,0,11,30,2,5010,0,1
2081,1,0,0,3,3,0,1
2081,2,0,0,2,5000,0,1
2081,2,0,0,3,9,0,3
2081,3,0,0,3,2,0,2
2082,0,1,10,1,10007,0,2
2082,0,11,30,1,10007,0,1
2082,0,31,100,1,10002,0,1
2082,0,1,10,2,5010,0,2
2082,0,11,30,2,5010,0,1
2082,1,0,0,3,3,0,1
2082,2,0,0,2,5000,0,1
2082,2,0,0,3,9,0,3
2082,3,0,0,3,2,0,2
2083,0,1,10,1,10008,0,2
2083,0,11,30,1,10008,0,1
2083,0,31,100,1,10003,0,1
2083,0,1,10,2,5010,0,2
2083,0,11,30,2,5010,0,1
2083,1,0,0,3,3,0,1
2083,2,0,0,2,5000,0,1
2083,2,0,0,3,9,0,3
2083,3,0,0,3,2,0,2
2084,0,1,10,1,10009,0,2
2084,0,11,30,1,10009,0,1
2084,0,31,100,1,10004,0,1
2084,0,1,10,2,5010,0,2
2084,0,11,30,2,5010,0,1
2084,1,0,0,3,3,0,1
2084,2,0,0,2,5000,0,1
2084,2,0,0,3,9,0,3
2084,3,0,0,3,2,0,2
2085,0,1,10,1,10010,0,2
2085,0,11,30,1,10010,0,1
2085,0,31,100,1,10005,0,1
2085,0,1,10,2,5010,0,2
2085,0,11,30,2,5010,0,1
2085,1,0,0,3,3,0,1
2085,2,0,0,2,5000,0,1
2085,2,0,0,3,9,0,3
2085,3,0,0,3,2,0,2
2086,0,1,10,1,10006,0,2
2086,0,11,30,1,10006,0,1
2086,0,31,100,1,10001,0,1
2086,0,1,10,2,5011,0,2
2086,0,11,30,2,5011,0,1
2086,1,0,0,3,3,0,1
2086,2,0,0,2,5000,0,1
2086,2,0,0,3,9,0,3
2086,3,0,0,3,2,0,2
2087,0,1,10,1,10007,0,2
2087,0,11,30,1,10007,0,1
2087,0,31,100,1,10002,0,1
2087,0,1,10,2,5011,0,2
2087,0,11,30,2,5011,0,1
2087,1,0,0,3,3,0,1
2087,2,0,0,2,5000,0,1
2087,2,0,0,3,9,0,3
2087,3,0,0,3,2,0,2
2088,0,1,10,1,10008,0,2
2088,0,11,30,1,10008,0,1
2088,0,31,100,1,10003,0,1
2088,0,1,10,2,5011,0,2
2088,0,11,30,2,5011,0,1
2088,1,0,0,3,3,0,1
2088,2,0,0,2,5000,0,1
2088,2,0,0,3,9,0,3
2088,3,0,0,3,2,0,2
2089,0,1,10,1,10009,0,2
2089,0,11,30,1,10009,0,1
2089,0,31,100,1,10004,0,1
2089,0,1,10,2,5011,0,2
2089,0,11,30,2,5011,0,1
2089,1,0,0,3,3,0,1
2089,2,0,0,2,5000,0,1
2089,2,0,0,3,9,0,3
2089,3,0,0,3,2,0,2
2090,0,1,10,1,10010,0,2
2090,0,11,30,1,10010,0,1
2090,0,31,100,1,10005,0,1
2090,0,1,10,2,5011,0,2
2090,0,11,30,2,5011,0,1
2090,1,0,0,3,3,0,1
2090,2,0,0,2,5000,0,1
2090,2,0,0,3,9,0,3
2090,3,0,0,3,2,0,2
2091,0,1,10,1,10006,0,2
2091,0,11,30,1,10006,0,1
2091,0,31,100,1,10001,0,1
2091,0,1,10,2,5012,0,2
2091,0,11,30,2,5012,0,1
2091,1,0,0,3,3,0,1
2091,2,0,0,2,5000,0,1
2091,2,0,0,3,9,0,3
2091,3,0,0,3,2,0,2
2092,0,1,10,1,10007,0,2
2092,0,11,30,1,10007,0,1
2092,0,31,100,1,10002,0,1
2092,0,1,10,2,5012,0,2
2092,0,11,30,2,5012,0,1
2092,1,0,0,3,3,0,1
2092,2,0,0,2,5000,0,1
2092,2,0,0,3,9,0,3
2092,3,0,0,3,2,0,2
2093,0,1,10,1,10008,0,2
2093,0,11,30,1,10008,0,1
2093,0,31,100,1,10003,0,1
2093,0,1,10,2,5012,0,2
2093,0,11,30,2,5012,0,1
2093,1,0,0,3,3,0,1
2093,2,0,0,2,5000,0,1
2093,2,0,0,3,9,0,3
2093,3,0,0,3,2,0,2
2094,0,1,10,1,10009,0,2
2094,0,11,30,1,10009,0,1
2094,0,31,100,1,10004,0,1
2094,0,1,10,2,5012,0,2
2094,0,11,30,2,5012,0,1
2094,1,0,0,3,3,0,1
2094,2,0,0,2,5000,0,1
2094,2,0,0,3,9,0,3
2094,3,0,0,3,2,0,2
2095,0,1,10,1,10010,0,2
2095,0,11,30,1,10010,0,1
2095,0,31,100,1,10005,0,1
2095,0,1,10,2,5012,0,2
2095,0,11,30,2,5012,0,1
2095,1,0,0,3,3,0,1
2095,2,0,0,2,5000,0,1
2095,2,0,0,3,9,0,3
2095,3,0,0,3,2,0,2
2096,0,1,15,3,82,0,1
2096,0,1,50,1,10006,0,1
2096,1,0,0,3,3,0,1
2096,2,0,0,2,5005,0,1
2096,2,0,0,3,9,0,3
2096,3,0,0,3,4,0,1
2097,0,1,15,3,82,0,1
2097,0,1,50,1,10007,0,1
2097,1,0,0,3,3,0,1
2097,2,0,0,2,5006,0,1
2097,2,0,0,3,9,0,3
2097,3,0,0,3,4,0,1
2098,0,1,15,3,82,0,1
2098,0,1,50,1,10008,0,1
2098,1,0,0,3,3,0,1
2098,2,0,0,2,5007,0,1
2098,2,0,0,3,9,0,3
2098,3,0,0,3,4,0,1
2099,0,1,15,3,82,0,1
2099,0,1,50,1,10009,0,1
2099,1,0,0,3,3,0,1
2099,2,0,0,2,5008,0,1
2099,2,0,0,3,9,0,3
2099,3,0,0,3,4,0,1
2100,0,1,10,1,10006,0,2
2100,0,11,30,1,10006,0,1
2100,0,31,100,1,10001,0,1
2100,0,1,10,2,5005,0,2
2100,0,11,30,2,5005,0,1
2100,1,0,0,3,3,0,1
2100,2,0,0,2,5000,0,1
2100,2,0,0,3,9,0,3
2100,3,0,0,3,2,0,2
2101,0,1,10,1,10007,0,2
2101,0,11,30,1,10007,0,1
2101,0,31,100,1,10002,0,1
2101,0,1,10,2,5005,0,2
2101,0,11,30,2,5005,0,1
2101,1,0,0,3,3,0,1
2101,2,0,0,2,5000,0,1
2101,2,0,0,3,9,0,3
2101,3,0,0,3,2,0,2
2102,0,1,10,1,10008,0,2
2102,0,11,30,1,10008,0,1
2102,0,31,100,1,10003,0,1
2102,0,1,10,2,5005,0,2
2102,0,11,30,2,5005,0,1
2102,1,0,0,3,3,0,1
2102,2,0,0,2,5000,0,1
2102,2,0,0,3,9,0,3
2102,3,0,0,3,2,0,2
2103,0,1,10,1,10009,0,2
2103,0,11,30,1,10009,0,1
2103,0,31,100,1,10004,0,1
2103,0,1,10,2,5005,0,2
2103,0,11,30,2,5005,0,1
2103,1,0,0,3,3,0,1
2103,2,0,0,2,5000,0,1
2103,2,0,0,3,9,0,3
2103,3,0,0,3,2,0,2
2104,0,1,10,1,10010,0,2
2104,0,11,30,1,10010,0,1
2104,0,31,100,1,10005,0,1
2104,0,1,10,2,5005,0,2
2104,0,11,30,2,5005,0,1
2104,1,0,0,3,3,0,1
2104,2,0,0,2,5000,0,1
2104,2,0,0,3,9,0,3
2104,3,0,0,3,2,0,2
2105,0,1,10,1,10006,0,2
2105,0,11,30,1,10006,0,1
2105,0,31,100,1,10001,0,1
2105,0,1,10,2,5005,0,2
2105,0,11,30,2,5005,0,1
2105,1,0,0,3,3,0,1
2105,2,0,0,2,5000,0,1
2105,2,0,0,3,9,0,3
2105,3,0,0,3,2,0,2
2106,0,1,10,1,10007,0,2
2106,0,11,30,1,10007,0,1
2106,0,31,100,1,10002,0,1
2106,0,1,10,2,5006,0,2
2106,0,11,30,2,5006,0,1
2106,1,0,0,3,3,0,1
2106,2,0,0,2,5000,0,1
2106,2,0,0,3,9,0,3
2106,3,0,0,3,2,0,2
2107,0,1,10,1,10008,0,2
2107,0,11,30,1,10008,0,1
2107,0,31,100,1,10003,0,1
2107,0,1,10,2,5006,0,2
2107,0,11,30,2,5006,0,1
2107,1,0,0,3,3,0,1
2107,2,0,0,2,5000,0,1
2107,2,0,0,3,9,0,3
2107,3,0,0,3,2,0,2
2108,0,1,10,1,10009,0,2
2108,0,11,30,1,10009,0,1
2108,0,31,100,1,10004,0,1
2108,0,1,10,2,5006,0,2
2108,0,11,30,2,5006,0,1
2108,1,0,0,3,3,0,1
2108,2,0,0,2,5000,0,1
2108,2,0,0,3,9,0,3
2108,3,0,0,3,2,0,2
2109,0,1,10,1,10010,0,2
2109,0,11,30,1,10010,0,1
2109,0,31,100,1,10005,0,1
2109,0,1,10,2,5006,0,2
2109,0,11,30,2,5006,0,1
2109,1,0,0,3,3,0,1
2109,2,0,0,2,5000,0,1
2109,2,0,0,3,9,0,3
2109,3,0,0,3,2,0,2
2110,0,1,10,1,10006,0,2
2110,0,11,30,1,10006,0,1
2110,0,31,100,1,10001,0,1
2110,0,1,10,2,5006,0,2
2110,0,11,30,2,5006,0,1
2110,1,0,0,3,3,0,1
2110,2,0,0,2,5000,0,1
2110,2,0,0,3,9,0,3
2110,3,0,0,3,2,0,2
2111,0,1,10,1,10007,0,2
2111,0,11,30,1,10007,0,1
2111,0,31,100,1,10002,0,1
2111,0,1,10,2,5007,0,2
2111,0,11,30,2,5007,0,1
2111,1,0,0,3,3,0,1
2111,2,0,0,2,5000,0,1
2111,2,0,0,3,9,0,3
2111,3,0,0,3,2,0,2
2112,0,1,10,1,10008,0,2
2112,0,11,30,1,10008,0,1
2112,0,31,100,1,10003,0,1
2112,0,1,10,2,5007,0,2
2112,0,11,30,2,5007,0,1
2112,1,0,0,3,3,0,1
2112,2,0,0,2,5000,0,1
2112,2,0,0,3,9,0,3
2112,3,0,0,3,2,0,2
2113,0,1,10,1,10009,0,2
2113,0,11,30,1,10009,0,1
2113,0,31,100,1,10004,0,1
2113,0,1,10,2,5007,0,2
2113,0,11,30,2,5007,0,1
2113,1,0,0,3,3,0,1
2113,2,0,0,2,5000,0,1
2113,2,0,0,3,9,0,3
2113,3,0,0,3,2,0,2
2114,0,1,10,1,10010,0,2
2114,0,11,30,1,10010,0,1
2114,0,31,100,1,10005,0,1
2114,0,1,10,2,5007,0,2
2114,0,11,30,2,5007,0,1
2114,1,0,0,3,3,0,1
2114,2,0,0,2,5000,0,1
2114,2,0,0,3,9,0,3
2114,3,0,0,3,2,0,2
2115,0,1,10,1,10006,0,2
2115,0,11,30,1,10006,0,1
2115,0,31,100,1,10001,0,1
2115,0,1,10,2,5007,0,2
2115,0,11,30,2,5007,0,1
2115,1,0,0,3,3,0,1
2115,2,0,0,2,5000,0,1
2115,2,0,0,3,9,0,3
2115,3,0,0,3,2,0,2
2116,0,1,10,1,10007,0,2
2116,0,11,30,1,10007,0,1
2116,0,31,100,1,10002,0,1
2116,0,1,10,2,5008,0,2
2116,0,11,30,2,5008,0,1
2116,1,0,0,3,3,0,1
2116,2,0,0,2,5000,0,1
2116,2,0,0,3,9,0,3
2116,3,0,0,3,2,0,2
2117,0,1,10,1,10008,0,2
2117,0,11,30,1,10008,0,1
2117,0,31,100,1,10003,0,1
2117,0,1,10,2,5008,0,2
2117,0,11,30,2,5008,0,1
2117,1,0,0,3,3,0,1
2117,2,0,0,2,5000,0,1
2117,2,0,0,3,9,0,3
2117,3,0,0,3,2,0,2
2118,0,1,10,1,10009,0,2
2118,0,11,30,1,10009,0,1
2118,0,31,100,1,10004,0,1
2118,0,1,10,2,5008,0,2
2118,0,11,30,2,5008,0,1
2118,1,0,0,3,3,0,1
2118,2,0,0,2,5000,0,1
2118,2,0,0,3,9,0,3
2118,3,0,0,3,2,0,2
2119,0,1,10,1,10010,0,2
2119,0,11,30,1,10010,0,1
2119,0,31,100,1,10005,0,1
2119,0,1,10,2,5008,0,2
2119,0,11,30,2,5008,0,1
2119,1,0,0,3,3,0,1
2119,2,0,0,2,5000,0,1
2119,2,0,0,3,9,0,3
2119,3,0,0,3,2,0,2
2120,0,1,10,1,10006,0,2
2120,0,11,30,1,10006,0,1
2120,0,31,100,1,10001,0,1
2120,0,1,10,2,5008,0,2
2120,0,11,30,2,5008,0,1
2120,1,0,0,3,3,0,1
2120,2,0,0,2,5000,0,1
2120,2,0,0,3,9,0,3
2120,3,0,0,3,2,0,2
2121,0,1,10,3,377,0,10
2121,0,11,20,3,377,0,3
2121,0,21,30,3,377,0,1
2121,0,1,10,2,5009,0,1
2121,0,1,10,1,10006,0,1
2121,0,11,30,1,10001,0,1
2121,1,0,0,3,3,0,1
2121,2,0,0,3,9,0,2
2121,2,0,0,3,378,0,5
2121,3,0,0,3,2,0,1
2122,0,1,10,3,377,0,10
2122,0,11,20,3,377,0,3
2122,0,21,30,3,377,0,1
2122,0,1,10,2,5010,0,1
2122,0,1,10,1,10007,0,1
2122,0,11,30,1,10002,0,1
2122,1,0,0,3,3,0,1
2122,2,0,0,3,9,0,2
2122,2,0,0,3,378,0,5
2122,3,0,0,3,2,0,1
2123,0,1,10,3,377,0,10
2123,0,11,20,3,377,0,3
2123,0,21,30,3,377,0,1
2123,0,1,10,2,5011,0,1
2123,0,1,10,1,10008,0,1
2123,0,11,30,1,10003,0,1
2123,1,0,0,3,3,0,1
2123,2,0,0,3,9,0,2
2123,2,0,0,3,378,0,5
2123,3,0,0,3,2,0,1
2124,0,1,10,3,377,0,10
2124,0,11,20,3,377,0,3
2124,0,21,30,3,377,0,1
2124,0,1,10,2,5012,0,1
2124,0,1,10,1,10009,0,1
2124,0,11,30,1,10004,0,1
2124,1,0,0,3,3,0,1
2124,2,0,0,3,9,0,2
2124,2,0,0,3,378,0,5
2124,3,0,0,3,2,0,1
2125,0,1,10,3,377,0,10
2125,0,11,20,3,377,0,3
2125,0,21,30,3,377,0,1
2125,0,1,10,2,5005,0,1
2125,0,1,10,1,10010,0,1
2125,0,11,30,1,10005,0,1
2125,1,0,0,3,3,0,1
2125,2,0,0,3,9,0,2
2125,2,0,0,3,378,0,5
2125,3,0,0,3,2,0,1
2126,0,1,10,3,377,0,10
2126,0,11,20,3,377,0,3
2126,0,21,30,3,377,0,1
2126,0,1,10,2,5006,0,1
2126,0,1,10,1,10006,0,1
2126,0,11,30,1,10001,0,1
2126,1,0,0,3,3,0,1
2126,2,0,0,3,9,0,2
2126,2,0,0,3,378,0,5
2126,3,0,0,3,2,0,1
2127,0,1,10,3,377,0,10
2127,0,11,20,3,377,0,3
2127,0,21,30,3,377,0,1
2127,0,1,10,2,5007,0,1
2127,0,1,10,1,10007,0,1
2127,0,11,30,1,10002,0,1
2127,1,0,0,3,3,0,1
2127,2,0,0,3,9,0,2
2127,2,0,0,3,378,0,5
2127,3,0,0,3,2,0,1
2128,0,1,10,3,377,0,10
2128,0,11,20,3,377,0,3
2128,0,21,30,3,377,0,1
2128,0,1,10,2,5008,0,1
2128,0,1,10,1,10008,0,1
2128,0,11,30,1,10003,0,1
2128,1,0,0,3,3,0,1
2128,2,0,0,3,9,0,2
2128,2,0,0,3,378,0,5
2128,3,0,0,3,2,0,1
2129,0,1,10,2,5009,0,1
2129,0,1,10,1,10006,0,1
2129,0,11,30,1,10001,0,1
2129,1,0,0,3,3,0,1
2129,2,0,0,3,9,0,2
2129,2,0,0,3,4,0,1
2129,3,0,0,3,2,0,1
2130,0,1,10,2,5010,0,1
2130,0,1,10,1,10007,0,1
2130,0,11,30,1,10002,0,1
2130,1,0,0,3,3,0,1
2130,2,0,0,3,9,0,2
2130,2,0,0,3,4,0,1
2130,3,0,0,3,2,0,1
2131,0,1,10,2,5011,0,1
2131,0,1,10,1,10008,0,1
2131,0,11,30,1,10003,0,1
2131,1,0,0,3,3,0,1
2131,2,0,0,3,9,0,2
2131,2,0,0,3,4,0,1
2131,3,0,0,3,2,0,1
2132,0,1,10,2,5012,0,1
2132,0,1,10,1,10009,0,1
2132,0,11,30,1,10004,0,1
2132,1,0,0,3,3,0,1
2132,2,0,0,3,9,0,2
2132,2,0,0,3,4,0,1
2132,3,0,0,3,2,0,1
2133,0,1,10,3,384,0,10
2133,0,11,20,3,384,0,3
2133,0,21,30,3,384,0,1
2133,0,1,10,2,5009,0,1
2133,0,1,10,1,10006,0,1
2133,0,11,30,1,10001,0,1
2133,1,0,0,3,3,0,1
2133,2,0,0,3,9,0,2
2133,2,0,0,3,385,0,5
2133,3,0,0,3,2,0,1
2134,0,1,10,3,384,0,10
2134,0,11,20,3,384,0,3
2134,0,21,30,3,384,0,1
2134,0,1,10,2,5010,0,1
2134,0,1,10,1,10007,0,1
2134,0,11,30,1,10002,0,1
2134,1,0,0,3,3,0,1
2134,2,0,0,3,9,0,2
2134,2,0,0,3,385,0,5
2134,3,0,0,3,2,0,1
2135,0,1,10,3,384,0,10
2135,0,11,20,3,384,0,3
2135,0,21,30,3,384,0,1
2135,0,1,10,2,5011,0,1
2135,0,1,10,1,10008,0,1
2135,0,11,30,1,10003,0,1
2135,1,0,0,3,3,0,1
2135,2,0,0,3,9,0,2
2135,2,0,0,3,385,0,5
2135,3,0,0,3,2,0,1
2136,0,1,10,3,384,0,10
2136,0,11,20,3,384,0,3
2136,0,21,30,3,384,0,1
2136,0,1,10,2,5012,0,1
2136,0,1,10,1,10009,0,1
2136,0,11,30,1,10004,0,1
2136,1,0,0,3,3,0,1
2136,2,0,0,3,9,0,2
2136,2,0,0,3,385,0,5
2136,3,0,0,3,2,0,1
2137,0,1,10,3,384,0,10
2137,0,11,20,3,384,0,3
2137,0,21,30,3,384,0,1
2137,0,1,10,2,5005,0,1
2137,0,1,10,1,10010,0,1
2137,0,11,30,1,10005,0,1
2137,1,0,0,3,3,0,1
2137,2,0,0,3,9,0,2
2137,2,0,0,3,385,0,5
2137,3,0,0,3,2,0,1
2138,0,1,10,3,384,0,10
2138,0,11,20,3,384,0,3
2138,0,21,30,3,384,0,1
2138,0,1,10,2,5006,0,1
2138,0,1,10,1,10006,0,1
2138,0,11,30,1,10001,0,1
2138,1,0,0,3,3,0,1
2138,2,0,0,3,9,0,2
2138,2,0,0,3,385,0,5
2138,3,0,0,3,2,0,1
2139,0,1,10,3,384,0,10
2139,0,11,20,3,384,0,3
2139,0,21,30,3,384,0,1
2139,0,1,10,2,5007,0,1
2139,0,1,10,1,10007,0,1
2139,0,11,30,1,10002,0,1
2139,1,0,0,3,3,0,1
2139,2,0,0,3,9,0,2
2139,2,0,0,3,385,0,5
2139,3,0,0,3,2,0,1
2140,0,1,10,3,384,0,10
2140,0,11,20,3,384,0,3
2140,0,21,30,3,384,0,1
2140,0,1,10,2,5008,0,1
2140,0,1,10,1,10008,0,1
2140,0,11,30,1,10003,0,1
2140,1,0,0,3,3,0,1
2140,2,0,0,3,9,0,2
2140,2,0,0,3,385,0,5
2140,3,0,0,3,2,0,1
2141,0,1,10,2,5009,0,1
2141,0,1,10,1,10006,0,1
2141,0,11,30,1,10001,0,1
2141,1,0,0,3,3,0,1
2141,2,0,0,3,9,0,2
2141,2,0,0,3,4,0,1
2141,3,0,0,3,2,0,1
2142,0,1,10,2,5010,0,1
2142,0,1,10,1,10007,0,1
2142,0,11,30,1,10002,0,1
2142,1,0,0,3,3,0,1
2142,2,0,0,3,9,0,2
2142,2,0,0,3,4,0,1
2142,3,0,0,3,2,0,1
2143,0,1,10,2,5011,0,1
2143,0,1,10,1,10008,0,1
2143,0,11,30,1,10003,0,1
2143,1,0,0,3,3,0,1
2143,2,0,0,3,9,0,2
2143,2,0,0,3,4,0,1
2143,3,0,0,3,2,0,1
2144,0,1,10,2,5012,0,1
2144,0,1,10,1,10009,0,1
2144,0,11,30,1,10004,0,1
2144,1,0,0,3,3,0,1
2144,2,0,0,3,9,0,2
2144,2,0,0,3,4,0,1
2144,3,0,0,3,2,0,1
3000,0,1,10,3,82,0,1
3000,0,1,30,3,223,0,30
3000,0,31,100,3,223,0,15
3000,0,101,1000,3,223,0,3
3000,0,1,100,1,10006,0,3
3000,0,101,500,1,10006,0,1
3000,0,501,1000,1,10001,0,1
3000,1,0,0,3,82,0,1
3000,2,0,0,3,9,0,30
3000,2,0,0,3,223,0,10
3000,3,0,0,3,9,0,1
3001,0,1,10,3,82,0,1
3001,0,1,30,3,224,0,30
3001,0,31,100,3,224,0,15
3001,0,101,1000,3,224,0,3
3001,0,1,100,1,10007,0,3
3001,0,101,500,1,10007,0,1
3001,0,501,1000,1,10002,0,1
3001,1,0,0,3,82,0,1
3001,2,0,0,3,9,0,30
3001,2,0,0,3,224,0,10
3001,3,0,0,3,9,0,1
3002,0,1,10,3,82,0,1
3002,0,1,50,1,10006,0,5
3002,0,51,100,1,10006,0,3
3002,0,101,500,1,10006,0,1
3002,0,501,1000,1,10001,0,1
3002,1,0,0,3,82,0,1
3002,2,0,0,3,9,0,30
3002,2,0,0,3,4,0,5
3002,3,0,0,3,9,0,1
3003,0,1,10,3,82,0,1
3003,0,1,50,1,10007,0,5
3003,0,51,100,1,10007,0,3
3003,0,101,500,1,10007,0,1
3003,0,501,1000,1,10002,0,1
3003,1,0,0,3,82,0,1
3003,2,0,0,3,9,0,30
3003,2,0,0,3,4,0,5
3003,3,0,0,3,9,0,1
3004,0,1,10,3,82,0,1
3004,0,1,50,1,10008,0,5
3004,0,51,100,1,10008,0,3
3004,0,101,500,1,10008,0,1
3004,0,501,1000,1,10003,0,1
3004,1,0,0,3,82,0,1
3004,2,0,0,3,9,0,30
3004,2,0,0,3,4,0,5
3004,3,0,0,3,9,0,1
3005,0,1,10,3,82,0,1
3005,0,1,50,1,10009,0,5
3005,0,51,100,1,10009,0,3
3005,0,101,500,1,10009,0,1
3005,0,501,1000,1,10004,0,1
3005,1,0,0,3,82,0,1
3005,2,0,0,3,9,0,30
3005,2,0,0,3,4,0,5
3005,3,0,0,3,9,0,1
3006,0,1,10,3,82,0,1
3006,0,1,50,1,10010,0,5
3006,0,51,100,1,10010,0,3
3006,0,101,500,1,10010,0,1
3006,0,501,1000,1,10005,0,1
3006,1,0,0,3,82,0,1
3006,2,0,0,3,9,0,30
3006,2,0,0,3,4,0,5
3006,3,0,0,3,9,0,1
3007,0,1,15,3,82,0,1
3007,0,1,50,1,10009,0,5
3007,1,0,0,3,82,0,1
3007,2,0,0,3,9,0,30
3007,2,0,0,3,4,0,5
3007,3,0,0,3,9,0,1
3008,0,1,15,3,82,0,1
3008,0,1,50,1,10009,0,5
3008,1,0,0,3,9,0,2
3008,2,0,0,3,9,0,30
3008,2,0,0,3,4,0,5
3008,3,0,0,3,9,0,1
3009,0,1,15,3,82,0,1
3009,0,1,50,1,10009,0,5
3009,1,0,0,3,9,0,2
3009,2,0,0,3,9,0,30
3009,2,0,0,3,4,0,5
3009,3,0,0,3,9,0,1
3010,0,1,15,3,82,0,1
3010,0,1,50,1,10009,0,5
3010,1,0,0,3,9,0,2
3010,2,0,0,3,9,0,30
3010,2,0,0,3,4,0,5
3010,3,0,0,3,9,0,1
3013,0,1,15,3,82,0,1
3013,0,1,50,1,10009,0,5
3013,1,0,0,3,9,0,2
3013,2,0,0,3,9,0,30
3013,2,0,0,3,4,0,5
3013,3,0,0,3,9,0,1
3014,0,1,20,3,225,0,20
3014,0,21,100,3,225,0,10
3014,0,101,500,3,225,0,2
3014,0,1,20,1,10009,0,3
3014,0,21,100,1,10009,0,1
3014,0,101,1000,1,10004,0,1
3014,1,0,0,3,82,0,1
3014,2,0,0,3,9,0,20
3014,2,0,0,3,225,0,10
3014,3,0,0,3,9,0,1
3015,0,1,20,3,226,0,20
3015,0,21,100,3,226,0,10
3015,0,101,500,3,226,0,2
3015,0,1,20,1,10010,0,3
3015,0,21,100,1,10010,0,1
3015,0,101,1000,1,10005,0,1
3015,1,0,0,3,82,0,1
3015,2,0,0,3,9,0,20
3015,2,0,0,3,226,0,10
3015,3,0,0,3,9,0,1
3016,0,1,5,1,10009,0,5
3016,0,6,10,1,10009,0,3
3016,0,11,50,1,10009,0,1
3016,0,51,100,1,10004,0,1
3016,1,0,0,3,82,0,1
3016,2,0,0,3,9,0,20
3016,2,0,0,3,4,0,3
3016,3,0,0,3,9,0,1
3017,0,1,5,1,10010,0,5
3017,0,6,10,1,10010,0,3
3017,0,11,50,1,10010,0,1
3017,0,51,100,1,10005,0,1
3017,1,0,0,3,82,0,1
3017,2,0,0,3,9,0,20
3017,2,0,0,3,4,0,3
3017,3,0,0,3,9,0,1
3018,0,1,3,3,82,0,1
3018,0,1,5,1,10006,0,5
3018,0,6,10,1,10006,0,3
3018,0,11,50,1,10006,0,1
3018,0,51,1000,1,10001,0,1
3018,1,0,0,3,82,0,1
3018,2,0,0,3,9,0,30
3018,2,0,0,3,4,0,5
3018,3,0,0,3,9,0,1
3019,0,1,3,3,82,0,1
3019,0,1,5,1,10007,0,5
3019,0,6,10,1,10007,0,3
3019,0,11,50,1,10007,0,1
3019,0,51,1000,1,10002,0,1
3019,1,0,0,3,82,0,1
3019,2,0,0,3,9,0,30
3019,2,0,0,3,4,0,5
3019,3,0,0,3,9,0,1
3020,0,1,3,3,82,0,1
3020,0,1,5,1,10008,0,5
3020,0,6,10,1,10008,0,3
3020,0,11,50,1,10008,0,1
3020,0,51,1000,1,10003,0,1
3020,1,0,0,3,82,0,1
3020,2,0,0,3,9,0,30
3020,2,0,0,3,4,0,5
3020,3,0,0,3,9,0,1
3021,0,1,3,3,82,0,1
3021,0,1,5,1,10009,0,5
3021,0,6,10,1,10009,0,3
3021,0,11,50,1,10009,0,1
3021,0,51,1000,1,10004,0,1
3021,1,0,0,3,82,0,1
3021,2,0,0,3,9,0,30
3021,2,0,0,3,4,0,5
3021,3,0,0,3,9,0,1
3022,0,1,3,3,82,0,1
3022,0,1,5,1,10010,0,5
3022,0,6,10,1,10010,0,3
3022,0,11,50,1,10010,0,1
3022,0,51,1000,1,10005,0,1
3022,1,0,0,3,82,0,1
3022,2,0,0,3,9,0,30
3022,2,0,0,3,4,0,5
3022,3,0,0,3,9,0,1
3023,0,1,10,3,227,0,50
3023,0,11,50,3,227,0,30
3023,0,51,100,3,227,0,5
3023,0,101,200,3,227,0,1
3023,0,1,20,1,10009,0,3
3023,0,21,100,1,10009,0,1
3023,0,101,1000,1,10004,0,1
3023,1,0,0,3,82,0,1
3023,2,0,0,3,9,0,20
3023,2,0,0,3,227,0,100
3023,3,0,0,3,9,0,1
3024,0,1,10,3,228,0,50
3024,0,11,50,3,228,0,30
3024,0,51,100,3,228,0,5
3024,0,101,200,3,228,0,1
3024,0,1,20,1,10010,0,3
3024,0,21,100,1,10010,0,1
3024,0,101,1000,1,10005,0,1
3024,1,0,0,3,82,0,1
3024,2,0,0,3,9,0,20
3024,2,0,0,3,228,0,100
3024,3,0,0,3,9,0,1
3025,0,1,10,3,227,0,50
3025,0,11,50,3,227,0,30
3025,0,51,100,3,227,0,5
3025,0,101,200,3,227,0,1
3025,0,1,20,1,10009,0,3
3025,0,21,100,1,10009,0,1
3025,0,101,1000,1,10004,0,1
3025,1,0,0,3,82,0,1
3025,2,0,0,3,9,0,20
3025,2,0,0,3,227,0,100
3025,3,0,0,3,9,0,1
3026,0,1,10,3,228,0,50
3026,0,11,50,3,228,0,30
3026,0,51,100,3,228,0,5
3026,0,101,200,3,228,0,1
3026,0,1,20,1,10010,0,3
3026,0,21,100,1,10010,0,1
3026,0,101,1000,1,10005,0,1
3026,1,0,0,3,82,0,1
3026,2,0,0,3,9,0,20
3026,2,0,0,3,228,0,100
3026,3,0,0,3,9,0,1
3029,0,1,5,1,10009,0,5
3029,0,6,10,1,10009,0,3
3029,0,11,50,1,10009,0,1
3029,0,51,100,1,10004,0,1
3029,1,0,0,3,82,0,1
3029,2,0,0,3,9,0,20
3029,2,0,0,3,4,0,3
3029,3,0,0,3,9,0,1
3030,0,1,5,1,10010,0,5
3030,0,6,10,1,10010,0,3
3030,0,11,50,1,10010,0,1
3030,0,51,100,1,10005,0,1
3030,1,0,0,3,82,0,1
3030,2,0,0,3,9,0,20
3030,2,0,0,3,4,0,3
3030,3,0,0,3,9,0,1
3031,0,1,5,1,10009,0,5
3031,0,6,10,1,10009,0,3
3031,0,11,50,1,10009,0,1
3031,0,51,100,1,10004,0,1
3031,1,0,0,3,82,0,1
3031,2,0,0,3,9,0,20
3031,2,0,0,3,4,0,3
3031,3,0,0,3,9,0,1
3032,0,1,5,1,10010,0,5
3032,0,6,10,1,10010,0,3
3032,0,11,50,1,10010,0,1
3032,0,51,100,1,10005,0,1
3032,1,0,0,3,82,0,1
3032,2,0,0,3,9,0,20
3032,2,0,0,3,4,0,3
3032,3,0,0,3,9,0,1
3035,0,1,3,3,82,0,1
3035,0,1,5,1,10006,0,5
3035,0,6,10,1,10006,0,3
3035,0,11,50,1,10006,0,1
3035,0,51,1000,1,10001,0,1
3035,1,0,0,3,82,0,1
3035,2,0,0,3,9,0,30
3035,2,0,0,3,4,0,5
3035,3,0,0,3,9,0,1
3036,0,1,3,3,82,0,1
3036,0,1,5,1,10007,0,5
3036,0,6,10,1,10007,0,3
3036,0,11,50,1,10007,0,1
3036,0,51,1000,1,10002,0,1
3036,1,0,0,3,82,0,1
3036,2,0,0,3,9,0,30
3036,2,0,0,3,4,0,5
3036,3,0,0,3,9,0,1
3037,0,1,3,3,82,0,1
3037,0,1,5,1,10008,0,5
3037,0,6,10,1,10008,0,3
3037,0,11,50,1,10008,0,1
3037,0,51,1000,1,10003,0,1
3037,1,0,0,3,82,0,1
3037,2,0,0,3,9,0,30
3037,2,0,0,3,4,0,5
3037,3,0,0,3,9,0,1
3038,0,1,3,3,82,0,1
3038,0,1,5,1,10009,0,5
3038,0,6,10,1,10009,0,3
3038,0,11,50,1,10009,0,1
3038,0,51,1000,1,10004,0,1
3038,1,0,0,3,82,0,1
3038,2,0,0,3,9,0,30
3038,2,0,0,3,4,0,5
3038,3,0,0,3,9,0,1
3039,0,1,3,3,82,0,1
3039,0,1,5,1,10010,0,5
3039,0,6,10,1,10010,0,3
3039,0,11,50,1,10010,0,1
3039,0,51,1000,1,10005,0,1
3039,1,0,0,3,82,0,1
3039,2,0,0,3,9,0,30
3039,2,0,0,3,4,0,5
3039,3,0,0,3,9,0,1
3040,0,1,10,3,223,0,25
3040,0,11,50,3,223,0,15
3040,0,51,100,3,223,0,5
3040,0,101,200,3,223,0,1
3040,0,1,20,1,10006,0,3
3040,0,21,100,1,10006,0,1
3040,0,101,1000,1,10001,0,1
3040,1,0,0,3,82,0,1
3040,2,0,0,3,9,0,20
3040,2,0,0,3,223,0,50
3040,3,0,0,3,9,0,1
3041,0,1,10,3,223,0,25
3041,0,11,50,3,223,0,15
3041,0,51,100,3,223,0,5
3041,0,101,200,3,223,0,1
3041,0,1,20,1,10007,0,3
3041,0,21,100,1,10007,0,1
3041,0,101,1000,1,10002,0,1
3041,1,0,0,3,82,0,1
3041,2,0,0,3,9,0,20
3041,2,0,0,3,223,0,50
3041,3,0,0,3,9,0,1
3042,0,1,10,3,223,0,25
3042,0,11,50,3,223,0,15
3042,0,51,100,3,223,0,5
3042,0,101,200,3,223,0,1
3042,0,1,20,1,10008,0,3
3042,0,21,100,1,10008,0,1
3042,0,101,1000,1,10003,0,1
3042,1,0,0,3,82,0,1
3042,2,0,0,3,9,0,20
3042,2,0,0,3,223,0,50
3042,3,0,0,3,9,0,1
3043,0,1,10,3,223,0,25
3043,0,11,50,3,223,0,15
3043,0,51,100,3,223,0,5
3043,0,101,200,3,223,0,1
3043,0,1,20,1,10009,0,3
3043,0,21,100,1,10009,0,1
3043,0,101,1000,1,10004,0,1
3043,1,0,0,3,82,0,1
3043,2,0,0,3,9,0,20
3043,2,0,0,3,223,0,50
3043,3,0,0,3,9,0,1
3044,0,1,10,3,223,0,25
3044,0,11,50,3,223,0,15
3044,0,51,100,3,223,0,5
3044,0,101,200,3,223,0,1
3044,0,1,20,1,10010,0,3
3044,0,21,100,1,10010,0,1
3044,0,101,1000,1,10005,0,1
3044,1,0,0,3,82,0,1
3044,2,0,0,3,9,0,20
3044,2,0,0,3,223,0,50
3044,3,0,0,3,9,0,1
3048,0,1,5,1,10006,0,5
3048,0,6,10,1,10006,0,3
3048,0,11,50,1,10006,0,1
3048,0,51,100,1,10001,0,1
3048,1,0,0,3,82,0,1
3048,2,0,0,3,9,0,20
3048,2,0,0,3,4,0,3
3048,3,0,0,3,9,0,1
3049,0,1,5,1,10007,0,5
3049,0,6,10,1,10007,0,3
3049,0,11,50,1,10007,0,1
3049,0,51,100,1,10002,0,1
3049,1,0,0,3,82,0,1
3049,2,0,0,3,9,0,20
3049,2,0,0,3,4,0,3
3049,3,0,0,3,9,0,1
3050,0,1,5,1,10008,0,5
3050,0,6,10,1,10008,0,3
3050,0,11,50,1,10008,0,1
3050,0,51,100,1,10003,0,1
3050,1,0,0,3,82,0,1
3050,2,0,0,3,9,0,20
3050,2,0,0,3,4,0,3
3050,3,0,0,3,9,0,1
3051,0,1,5,1,10009,0,5
3051,0,6,10,1,10009,0,3
3051,0,11,50,1,10009,0,1
3051,0,51,100,1,10004,0,1
3051,1,0,0,3,82,0,1
3051,2,0,0,3,9,0,20
3051,2,0,0,3,4,0,3
3051,3,0,0,3,9,0,1
3052,0,1,5,1,10010,0,5
3052,0,6,10,1,10010,0,3
3052,0,11,50,1,10010,0,1
3052,0,51,100,1,10005,0,1
3052,1,0,0,3,82,0,1
3052,2,0,0,3,9,0,20
3052,2,0,0,3,4,0,3
3052,3,0,0,3,9,0,1
3056,0,1,5,3,82,0,1
3056,0,1,20,1,10006,0,5
3056,0,21,50,1,10006,0,3
3056,0,51,200,1,10006,0,1
3056,0,201,1000,1,10001,0,1
3056,1,0,0,3,82,0,1
3056,2,0,0,3,9,0,30
3056,2,0,0,3,4,0,5
3056,3,0,0,3,9,0,1
3057,0,1,5,3,82,0,1
3057,0,1,20,1,10007,0,5
3057,0,21,50,1,10007,0,3
3057,0,51,200,1,10007,0,1
3057,0,201,1000,1,10002,0,1
3057,1,0,0,3,82,0,1
3057,2,0,0,3,9,0,30
3057,2,0,0,3,4,0,5
3057,3,0,0,3,9,0,1
3058,0,1,5,3,82,0,1
3058,0,1,20,1,10008,0,5
3058,0,21,50,1,10008,0,3
3058,0,51,200,1,10008,0,1
3058,0,201,1000,1,10003,0,1
3058,1,0,0,3,82,0,1
3058,2,0,0,3,9,0,30
3058,2,0,0,3,4,0,5
3058,3,0,0,3,9,0,1
3059,0,1,5,3,82,0,1
3059,0,1,20,1,10009,0,5
3059,0,21,50,1,10009,0,3
3059,0,51,200,1,10009,0,1
3059,0,201,1000,1,10004,0,1
3059,1,0,0,3,82,0,1
3059,2,0,0,3,9,0,30
3059,2,0,0,3,4,0,5
3059,3,0,0,3,9,0,1
3060,0,1,5,3,82,0,1
3060,0,1,20,1,10010,0,5
3060,0,21,50,1,10010,0,3
3060,0,51,200,1,10010,0,1
3060,0,201,1000,1,10005,0,1
3060,1,0,0,3,82,0,1
3060,2,0,0,3,9,0,30
3060,2,0,0,3,4,0,5
3060,3,0,0,3,9,0,1
3061,0,1,10,3,354,0,25
3061,0,11,50,3,354,0,15
3061,0,51,100,3,354,0,5
3061,0,101,200,3,354,0,1
3061,0,1,20,1,10006,0,3
3061,0,21,100,1,10006,0,1
3061,0,101,1000,1,10001,0,1
3061,0,1,1,3,82,0,1
3061,1,0,0,3,3,0,3
3061,2,0,0,3,9,0,20
3061,2,0,0,3,354,0,50
3061,3,0,0,3,9,0,1
3062,0,1,10,3,354,0,25
3062,0,11,50,3,354,0,15
3062,0,51,100,3,354,0,5
3062,0,101,200,3,354,0,1
3062,0,1,20,1,10007,0,3
3062,0,21,100,1,10007,0,1
3062,0,101,1000,1,10002,0,1
3062,0,1,1,3,82,0,1
3062,1,0,0,3,3,0,3
3062,2,0,0,3,9,0,20
3062,2,0,0,3,354,0,50
3062,3,0,0,3,9,0,1
3063,0,1,10,3,354,0,25
3063,0,11,50,3,354,0,15
3063,0,51,100,3,354,0,5
3063,0,101,200,3,354,0,1
3063,0,1,20,1,10008,0,3
3063,0,21,100,1,10008,0,1
3063,0,101,1000,1,10003,0,1
3063,0,1,1,3,82,0,1
3063,1,0,0,3,3,0,3
3063,2,0,0,3,9,0,20
3063,2,0,0,3,354,0,50
3063,3,0,0,3,9,0,1
3064,0,1,10,3,354,0,25
3064,0,11,50,3,354,0,15
3064,0,51,100,3,354,0,5
3064,0,101,200,3,354,0,1
3064,0,1,20,1,10009,0,3
3064,0,21,100,1,10009,0,1
3064,0,101,1000,1,10004,0,1
3064,0,1,1,3,82,0,1
3064,1,0,0,3,3,0,3
3064,2,0,0,3,9,0,20
3064,2,0,0,3,354,0,50
3064,3,0,0,3,9,0,1
3065,0,1,10,3,354,0,25
3065,0,11,50,3,354,0,15
3065,0,51,100,3,354,0,5
3065,0,101,200,3,354,0,1
3065,0,1,20,1,10010,0,3
3065,0,21,100,1,10010,0,1
3065,0,101,1000,1,10005,0,1
3065,0,1,1,3,82,0,1
3065,1,0,0,3,3,0,3
3065,2,0,0,3,9,0,20
3065,2,0,0,3,354,0,50
3065,3,0,0,3,9,0,1
3066,0,1,5,1,10006,0,5
3066,0,6,10,1,10006,0,3
3066,0,11,50,1,10006,0,1
3066,0,51,100,1,10001,0,1
3066,0,1,1,3,82,0,1
3066,1,0,0,3,3,0,3
3066,2,0,0,3,9,0,20
3066,2,0,0,3,4,0,3
3066,3,0,0,3,9,0,1
3067,0,1,5,1,10007,0,5
3067,0,6,10,1,10007,0,3
3067,0,11,50,1,10007,0,1
3067,0,51,100,1,10002,0,1
3067,0,1,1,3,82,0,1
3067,1,0,0,3,3,0,3
3067,2,0,0,3,9,0,20
3067,2,0,0,3,4,0,3
3067,3,0,0,3,9,0,1
3068,0,1,5,1,10008,0,5
3068,0,6,10,1,10008,0,3
3068,0,11,50,1,10008,0,1
3068,0,51,100,1,10003,0,1
3068,0,1,1,3,82,0,1
3068,1,0,0,3,3,0,3
3068,2,0,0,3,9,0,20
3068,2,0,0,3,4,0,3
3068,3,0,0,3,9,0,1
3069,0,1,5,1,10009,0,5
3069,0,6,10,1,10009,0,3
3069,0,11,50,1,10009,0,1
3069,0,51,100,1,10004,0,1
3069,0,1,1,3,82,0,1
3069,1,0,0,3,3,0,3
3069,2,0,0,3,9,0,20
3069,2,0,0,3,4,0,3
3069,3,0,0,3,9,0,1
3070,0,1,5,1,10010,0,5
3070,0,6,10,1,10010,0,3
3070,0,11,50,1,10010,0,1
3070,0,51,100,1,10005,0,1
3070,0,1,1,3,82,0,1
3070,1,0,0,3,3,0,3
3070,2,0,0,3,9,0,20
3070,2,0,0,3,4,0,3
3070,3,0,0,3,9,0,1
3071,2,0,0,3,82,0,1
3071,0,1,15,1,10006,0,5
3071,0,16,50,1,10006,0,3
3071,0,51,100,1,10006,0,1
3071,0,101,1000,1,10001,0,1
3071,0,1,25,2,5009,0,5
3071,0,26,100,2,5009,0,3
3071,0,1,25,2,6000,0,1
3071,1,0,0,3,3,0,3
3071,2,0,0,2,5009,0,5
3071,2,0,0,3,9,0,30
3071,3,0,0,3,9,0,1
3072,2,0,0,3,82,0,1
3072,0,1,15,1,10007,0,5
3072,0,16,50,1,10007,0,3
3072,0,51,100,1,10007,0,1
3072,0,101,1000,1,10002,0,1
3072,0,1,25,2,5009,0,5
3072,0,26,100,2,5009,0,3
3072,0,1,25,2,6001,0,1
3072,1,0,0,3,3,0,3
3072,2,0,0,2,5009,0,5
3072,2,0,0,3,9,0,30
3072,3,0,0,3,9,0,1
3073,2,0,0,3,82,0,1
3073,0,1,15,1,10008,0,5
3073,0,16,50,1,10008,0,3
3073,0,51,100,1,10008,0,1
3073,0,101,1000,1,10003,0,1
3073,0,1,25,2,5009,0,5
3073,0,26,100,2,5009,0,3
3073,0,1,25,2,6002,0,1
3073,1,0,0,3,3,0,3
3073,2,0,0,2,5009,0,5
3073,2,0,0,3,9,0,30
3073,3,0,0,3,9,0,1
3074,2,0,0,3,82,0,1
3074,0,1,15,1,10009,0,5
3074,0,16,50,1,10009,0,3
3074,0,51,100,1,10009,0,1
3074,0,101,1000,1,10004,0,1
3074,0,1,25,2,5009,0,5
3074,0,26,100,2,5009,0,3
3074,0,1,25,2,6003,0,1
3074,2,0,0,2,5009,0,5
3074,1,0,0,3,3,0,3
3074,2,0,0,3,9,0,30
3074,3,0,0,3,9,0,1
3075,2,0,0,3,82,0,1
3075,0,1,15,1,10010,0,5
3075,0,16,50,1,10010,0,3
3075,0,51,100,1,10010,0,1
3075,0,101,1000,1,10005,0,1
3075,0,1,25,2,5009,0,5
3075,0,26,100,2,5009,0,3
3075,0,1,25,2,6000,0,1
3075,1,0,0,3,3,0,3
3075,2,0,0,2,5009,0,5
3075,2,0,0,3,9,0,30
3075,3,0,0,3,9,0,1
3076,2,0,0,3,82,0,1
3076,0,1,15,1,10006,0,5
3076,0,16,50,1,10006,0,3
3076,0,51,100,1,10006,0,1
3076,0,101,1000,1,10001,0,1
3076,0,1,25,2,5010,0,5
3076,0,26,100,2,5010,0,3
3076,0,1,25,2,6001,0,1
3076,1,0,0,3,3,0,3
3076,2,0,0,2,5010,0,5
3076,2,0,0,3,9,0,30
3076,3,0,0,3,9,0,1
3077,2,0,0,3,82,0,1
3077,0,1,15,1,10007,0,5
3077,0,16,50,1,10007,0,3
3077,0,51,100,1,10007,0,1
3077,0,101,1000,1,10002,0,1
3077,0,1,25,2,5010,0,5
3077,0,26,100,2,5010,0,3
3077,0,1,25,2,6002,0,1
3077,1,0,0,3,3,0,3
3077,2,0,0,2,5010,0,5
3077,2,0,0,3,9,0,30
3077,3,0,0,3,9,0,1
3078,2,0,0,3,82,0,1
3078,0,1,15,1,10008,0,5
3078,0,16,50,1,10008,0,3
3078,0,51,100,1,10008,0,1
3078,0,101,1000,1,10003,0,1
3078,0,1,25,2,5010,0,5
3078,0,26,100,2,5010,0,3
3078,0,1,25,2,6003,0,1
3078,1,0,0,3,3,0,3
3078,2,0,0,2,5010,0,5
3078,2,0,0,3,9,0,30
3078,3,0,0,3,9,0,1
3079,2,0,0,3,82,0,1
3079,0,1,15,1,10009,0,5
3079,0,16,50,1,10009,0,3
3079,0,51,100,1,10009,0,1
3079,0,101,1000,1,10004,0,1
3079,0,1,25,2,5010,0,5
3079,0,26,100,2,5010,0,3
3079,0,1,25,2,6000,0,1
3079,1,0,0,3,3,0,3
3079,2,0,0,2,5010,0,5
3079,2,0,0,3,9,0,30
3079,3,0,0,3,9,0,1
3080,2,0,0,3,82,0,1
3080,0,1,15,1,10010,0,5
3080,0,16,50,1,10010,0,3
3080,0,51,100,1,10010,0,1
3080,0,101,1000,1,10005,0,1
3080,0,1,25,2,5010,0,5
3080,0,26,100,2,5010,0,3
3080,0,1,25,2,6001,0,1
3080,1,0,0,3,3,0,3
3080,2,0,0,2,5010,0,5
3080,2,0,0,3,9,0,30
3080,3,0,0,3,9,0,1
3081,2,0,0,3,82,0,1
3081,0,1,15,1,10006,0,5
3081,0,16,50,1,10006,0,3
3081,0,51,100,1,10006,0,1
3081,0,101,1000,1,10001,0,1
3081,0,1,25,2,5011,0,5
3081,0,26,100,2,5011,0,3
3081,0,1,25,2,6002,0,1
3081,1,0,0,3,3,0,3
3081,2,0,0,2,5011,0,5
3081,2,0,0,3,9,0,30
3081,3,0,0,3,9,0,1
3082,2,0,0,3,82,0,1
3082,0,1,15,1,10007,0,5
3082,0,16,50,1,10007,0,3
3082,0,51,100,1,10007,0,1
3082,0,101,1000,1,10002,0,1
3082,0,1,25,2,5011,0,5
3082,0,26,100,2,5011,0,3
3082,0,1,25,2,6003,0,1
3082,1,0,0,3,3,0,3
3082,2,0,0,2,5011,0,5
3082,2,0,0,3,9,0,30
3082,3,0,0,3,9,0,1
3083,2,0,0,3,82,0,1
3083,0,1,15,1,10008,0,5
3083,0,16,50,1,10008,0,3
3083,0,51,100,1,10008,0,1
3083,0,101,1000,1,10003,0,1
3083,0,1,25,2,5011,0,5
3083,0,26,100,2,5011,0,3
3083,0,1,25,2,6000,0,1
3083,1,0,0,3,3,0,3
3083,2,0,0,2,5011,0,5
3083,2,0,0,3,9,0,30
3083,3,0,0,3,9,0,1
3084,2,0,0,3,82,0,1
3084,0,1,15,1,10009,0,5
3084,0,16,50,1,10009,0,3
3084,0,51,100,1,10009,0,1
3084,0,101,1000,1,10004,0,1
3084,0,1,25,2,5011,0,5
3084,0,26,100,2,5011,0,3
3084,0,1,25,2,6001,0,1
3084,1,0,0,3,3,0,3
3084,2,0,0,2,5011,0,5
3084,2,0,0,3,9,0,30
3084,3,0,0,3,9,0,1
3085,2,0,0,3,82,0,1
3085,0,1,15,1,10010,0,5
3085,0,16,50,1,10010,0,3
3085,0,51,100,1,10010,0,1
3085,0,101,1000,1,10005,0,1
3085,0,1,25,2,5011,0,5
3085,0,26,100,2,5011,0,3
3085,0,1,25,2,6002,0,1
3085,1,0,0,3,3,0,3
3085,2,0,0,2,5011,0,5
3085,2,0,0,3,9,0,30
3085,3,0,0,3,9,0,1
3086,2,0,0,3,82,0,1
3086,0,1,15,1,10006,0,5
3086,0,16,50,1,10006,0,3
3086,0,51,100,1,10006,0,1
3086,0,101,1000,1,10001,0,1
3086,0,1,25,2,5012,0,5
3086,0,26,100,2,5012,0,3
3086,0,1,25,2,6003,0,1
3086,1,0,0,3,3,0,3
3086,2,0,0,2,5012,0,5
3086,2,0,0,3,9,0,30
3086,3,0,0,3,9,0,1
3087,2,0,0,3,82,0,1
3087,0,1,15,1,10007,0,5
3087,0,16,50,1,10007,0,3
3087,0,51,100,1,10007,0,1
3087,0,101,1000,1,10002,0,1
3087,0,1,25,2,5012,0,5
3087,0,26,100,2,5012,0,3
3087,0,1,25,2,6000,0,1
3087,1,0,0,3,3,0,3
3087,2,0,0,2,5012,0,5
3087,2,0,0,3,9,0,30
3087,3,0,0,3,9,0,1
3088,2,0,0,3,82,0,1
3088,0,1,15,1,10008,0,5
3088,0,16,50,1,10008,0,3
3088,0,51,100,1,10008,0,1
3088,0,101,1000,1,10003,0,1
3088,0,1,25,2,5012,0,5
3088,0,26,100,2,5012,0,3
3088,0,1,25,2,6001,0,1
3088,1,0,0,3,3,0,3
3088,2,0,0,2,5012,0,5
3088,2,0,0,3,9,0,30
3088,3,0,0,3,9,0,1
3089,2,0,0,3,82,0,1
3089,0,1,15,1,10009,0,5
3089,0,16,50,1,10009,0,3
3089,0,51,100,1,10009,0,1
3089,0,101,1000,1,10004,0,1
3089,0,1,25,2,5012,0,5
3089,0,26,100,2,5012,0,3
3089,0,1,25,2,6002,0,1
3089,1,0,0,3,3,0,3
3089,2,0,0,2,5012,0,5
3089,2,0,0,3,9,0,30
3089,3,0,0,3,9,0,1
3090,2,0,0,3,82,0,1
3090,0,1,15,1,10010,0,5
3090,0,16,50,1,10010,0,3
3090,0,51,100,1,10010,0,1
3090,0,101,1000,1,10005,0,1
3090,0,1,25,2,5012,0,5
3090,0,26,100,2,5012,0,3
3090,0,1,25,2,6003,0,1
3090,1,0,0,3,3,0,3
3090,2,0,0,2,5012,0,5
3090,2,0,0,3,9,0,30
3090,3,0,0,3,9,0,1
3091,0,1,15,3,82,0,1
3091,0,1,50,1,10006,0,5
3091,1,0,0,3,3,0,3
3091,2,0,0,2,5005,0,5
3091,2,0,0,3,9,0,30
3091,3,0,0,3,9,0,1
3092,0,1,15,3,82,0,1
3092,0,1,50,1,10007,0,5
3092,1,0,0,3,3,0,3
3092,2,0,0,2,5006,0,5
3092,2,0,0,3,9,0,30
3092,3,0,0,3,9,0,1
3093,0,1,15,3,82,0,1
3093,0,1,50,1,10008,0,5
3093,1,0,0,3,3,0,3
3093,2,0,0,2,5007,0,5
3093,2,0,0,3,9,0,30
3093,3,0,0,3,9,0,1
3094,0,1,15,3,82,0,1
3094,0,1,50,1,10009,0,5
3094,1,0,0,3,3,0,3
3094,2,0,0,2,5008,0,5
3094,2,0,0,3,9,0,30
3094,3,0,0,3,9,0,1
3095,2,0,0,3,82,0,1
3095,0,1,15,1,10006,0,5
3095,0,16,50,1,10006,0,3
3095,0,51,100,1,10006,0,1
3095,0,101,1000,1,10001,0,1
3095,0,1,25,2,5005,0,5
3095,0,26,100,2,5005,0,3
3095,0,1,25,2,6000,0,1
3095,1,0,0,3,3,0,3
3095,2,0,0,2,5005,0,5
3095,2,0,0,3,9,0,30
3095,3,0,0,3,9,0,1
3096,2,0,0,3,82,0,1
3096,0,1,15,1,10007,0,5
3096,0,16,50,1,10007,0,3
3096,0,51,100,1,10007,0,1
3096,0,101,1000,1,10002,0,1
3096,0,1,25,2,5005,0,5
3096,0,26,100,2,5005,0,3
3096,0,1,25,2,6001,0,1
3096,1,0,0,3,3,0,3
3096,2,0,0,2,5005,0,5
3096,2,0,0,3,9,0,30
3096,3,0,0,3,9,0,1
3097,2,0,0,3,82,0,1
3097,0,1,15,1,10008,0,5
3097,0,16,50,1,10008,0,3
3097,0,51,100,1,10008,0,1
3097,0,101,1000,1,10003,0,1
3097,0,1,25,2,5005,0,5
3097,0,26,100,2,5005,0,3
3097,0,1,25,2,6002,0,1
3097,1,0,0,3,3,0,3
3097,2,0,0,2,5005,0,5
3097,2,0,0,3,9,0,30
3097,3,0,0,3,9,0,1
3098,2,0,0,3,82,0,1
3098,0,1,15,1,10009,0,5
3098,0,16,50,1,10009,0,3
3098,0,51,100,1,10009,0,1
3098,0,101,1000,1,10004,0,1
3098,0,1,25,2,5005,0,5
3098,0,26,100,2,5005,0,3
3098,0,1,25,2,6003,0,1
3098,2,0,0,2,5005,0,5
3098,1,0,0,3,3,0,3
3098,2,0,0,3,9,0,30
3098,3,0,0,3,9,0,1
3099,2,0,0,3,82,0,1
3099,0,1,15,1,10010,0,5
3099,0,16,50,1,10010,0,3
3099,0,51,100,1,10010,0,1
3099,0,101,1000,1,10005,0,1
3099,0,1,25,2,5005,0,5
3099,0,26,100,2,5005,0,3
3099,0,1,25,2,6000,0,1
3099,1,0,0,3,3,0,3
3099,2,0,0,2,5005,0,5
3099,2,0,0,3,9,0,30
3099,3,0,0,3,9,0,1
3100,2,0,0,3,82,0,1
3100,0,1,15,1,10006,0,5
3100,0,16,50,1,10006,0,3
3100,0,51,100,1,10006,0,1
3100,0,101,1000,1,10001,0,1
3100,0,1,25,2,5006,0,5
3100,0,26,100,2,5006,0,3
3100,0,1,25,2,6001,0,1
3100,1,0,0,3,3,0,3
3100,2,0,0,2,5006,0,5
3100,2,0,0,3,9,0,30
3100,3,0,0,3,9,0,1
3101,2,0,0,3,82,0,1
3101,0,1,15,1,10007,0,5
3101,0,16,50,1,10007,0,3
3101,0,51,100,1,10007,0,1
3101,0,101,1000,1,10002,0,1
3101,0,1,25,2,5006,0,5
3101,0,26,100,2,5006,0,3
3101,0,1,25,2,6002,0,1
3101,1,0,0,3,3,0,3
3101,2,0,0,2,5006,0,5
3101,2,0,0,3,9,0,30
3101,3,0,0,3,9,0,1
3102,2,0,0,3,82,0,1
3102,0,1,15,1,10008,0,5
3102,0,16,50,1,10008,0,3
3102,0,51,100,1,10008,0,1
3102,0,101,1000,1,10003,0,1
3102,0,1,25,2,5006,0,5
3102,0,26,100,2,5006,0,3
3102,0,1,25,2,6003,0,1
3102,1,0,0,3,3,0,3
3102,2,0,0,2,5006,0,5
3102,2,0,0,3,9,0,30
3102,3,0,0,3,9,0,1
3103,2,0,0,3,82,0,1
3103,0,1,15,1,10009,0,5
3103,0,16,50,1,10009,0,3
3103,0,51,100,1,10009,0,1
3103,0,101,1000,1,10004,0,1
3103,0,1,25,2,5006,0,5
3103,0,26,100,2,5006,0,3
3103,0,1,25,2,6000,0,1
3103,1,0,0,3,3,0,3
3103,2,0,0,2,5006,0,5
3103,2,0,0,3,9,0,30
3103,3,0,0,3,9,0,1
3104,2,0,0,3,82,0,1
3104,0,1,15,1,10010,0,5
3104,0,16,50,1,10010,0,3
3104,0,51,100,1,10010,0,1
3104,0,101,1000,1,10005,0,1
3104,0,1,25,2,5006,0,5
3104,0,26,100,2,5006,0,3
3104,0,1,25,2,6001,0,1
3104,1,0,0,3,3,0,3
3104,2,0,0,2,5006,0,5
3104,2,0,0,3,9,0,30
3104,3,0,0,3,9,0,1
3105,2,0,0,3,82,0,1
3105,0,1,15,1,10006,0,5
3105,0,16,50,1,10006,0,3
3105,0,51,100,1,10006,0,1
3105,0,101,1000,1,10001,0,1
3105,0,1,25,2,5007,0,5
3105,0,26,100,2,5007,0,3
3105,0,1,25,2,6002,0,1
3105,1,0,0,3,3,0,3
3105,2,0,0,2,5007,0,5
3105,2,0,0,3,9,0,30
3105,3,0,0,3,9,0,1
3106,2,0,0,3,82,0,1
3106,0,1,15,1,10007,0,5
3106,0,16,50,1,10007,0,3
3106,0,51,100,1,10007,0,1
3106,0,101,1000,1,10002,0,1
3106,0,1,25,2,5007,0,5
3106,0,26,100,2,5007,0,3
3106,0,1,25,2,6003,0,1
3106,1,0,0,3,3,0,3
3106,2,0,0,2,5007,0,5
3106,2,0,0,3,9,0,30
3106,3,0,0,3,9,0,1
3107,2,0,0,3,82,0,1
3107,0,1,15,1,10008,0,5
3107,0,16,50,1,10008,0,3
3107,0,51,100,1,10008,0,1
3107,0,101,1000,1,10003,0,1
3107,0,1,25,2,5007,0,5
3107,0,26,100,2,5007,0,3
3107,0,1,25,2,6000,0,1
3107,1,0,0,3,3,0,3
3107,2,0,0,2,5007,0,5
3107,2,0,0,3,9,0,30
3107,3,0,0,3,9,0,1
3108,2,0,0,3,82,0,1
3108,0,1,15,1,10009,0,5
3108,0,16,50,1,10009,0,3
3108,0,51,100,1,10009,0,1
3108,0,101,1000,1,10004,0,1
3108,0,1,25,2,5007,0,5
3108,0,26,100,2,5007,0,3
3108,0,1,25,2,6001,0,1
3108,1,0,0,3,3,0,3
3108,2,0,0,2,5007,0,5
3108,2,0,0,3,9,0,30
3108,3,0,0,3,9,0,1
3109,2,0,0,3,82,0,1
3109,0,1,15,1,10010,0,5
3109,0,16,50,1,10010,0,3
3109,0,51,100,1,10010,0,1
3109,0,101,1000,1,10005,0,1
3109,0,1,25,2,5007,0,5
3109,0,26,100,2,5007,0,3
3109,0,1,25,2,6002,0,1
3109,1,0,0,3,3,0,3
3109,2,0,0,2,5007,0,5
3109,2,0,0,3,9,0,30
3109,3,0,0,3,9,0,1
3110,2,0,0,3,82,0,1
3110,0,1,15,1,10006,0,5
3110,0,16,50,1,10006,0,3
3110,0,51,100,1,10006,0,1
3110,0,101,1000,1,10001,0,1
3110,0,1,25,2,5008,0,5
3110,0,26,100,2,5008,0,3
3110,0,1,25,2,6003,0,1
3110,1,0,0,3,3,0,3
3110,2,0,0,2,5008,0,5
3110,2,0,0,3,9,0,30
3110,3,0,0,3,9,0,1
3111,2,0,0,3,82,0,1
3111,0,1,15,1,10007,0,5
3111,0,16,50,1,10007,0,3
3111,0,51,100,1,10007,0,1
3111,0,101,1000,1,10002,0,1
3111,0,1,25,2,5008,0,5
3111,0,26,100,2,5008,0,3
3111,0,1,25,2,6000,0,1
3111,1,0,0,3,3,0,3
3111,2,0,0,2,5008,0,5
3111,2,0,0,3,9,0,30
3111,3,0,0,3,9,0,1
3112,2,0,0,3,82,0,1
3112,0,1,15,1,10008,0,5
3112,0,16,50,1,10008,0,3
3112,0,51,100,1,10008,0,1
3112,0,101,1000,1,10003,0,1
3112,0,1,25,2,5008,0,5
3112,0,26,100,2,5008,0,3
3112,0,1,25,2,6001,0,1
3112,1,0,0,3,3,0,3
3112,2,0,0,2,5008,0,5
3112,2,0,0,3,9,0,30
3112,3,0,0,3,9,0,1
3113,2,0,0,3,82,0,1
3113,0,1,15,1,10009,0,5
3113,0,16,50,1,10009,0,3
3113,0,51,100,1,10009,0,1
3113,0,101,1000,1,10004,0,1
3113,0,1,25,2,5008,0,5
3113,0,26,100,2,5008,0,3
3113,0,1,25,2,6002,0,1
3113,1,0,0,3,3,0,3
3113,2,0,0,2,5008,0,5
3113,2,0,0,3,9,0,30
3113,3,0,0,3,9,0,1
3114,2,0,0,3,82,0,1
3114,0,1,15,1,10010,0,5
3114,0,16,50,1,10010,0,3
3114,0,51,100,1,10010,0,1
3114,0,101,1000,1,10005,0,1
3114,0,1,25,2,5008,0,5
3114,0,26,100,2,5008,0,3
3114,0,1,25,2,6003,0,1
3114,1,0,0,3,3,0,3
3114,2,0,0,2,5008,0,5
3114,2,0,0,3,9,0,30
3114,3,0,0,3,9,0,1
3115,0,1,10,3,377,0,100
3115,0,11,50,3,377,0,50
3115,0,51,100,3,377,0,20
3115,0,101,200,3,377,0,5
3115,0,1,20,1,10006,0,3
3115,0,21,100,1,10006,0,1
3115,0,101,1000,1,10001,0,1
3115,1,0,0,3,3,0,2
3115,2,0,0,3,9,0,20
3115,2,0,0,2,5009,0,3
3115,2,0,0,3,378,0,50
3115,3,0,0,3,9,0,1
3116,0,1,10,3,377,0,100
3116,0,11,50,3,377,0,50
3116,0,51,100,3,377,0,20
3116,0,101,200,3,377,0,5
3116,0,1,20,1,10007,0,3
3116,0,21,100,1,10007,0,1
3116,0,101,1000,1,10002,0,1
3116,1,0,0,3,3,0,2
3116,2,0,0,3,9,0,20
3116,2,0,0,2,5010,0,3
3116,2,0,0,3,378,0,50
3116,3,0,0,3,9,0,1
3117,0,1,10,3,377,0,100
3117,0,11,50,3,377,0,50
3117,0,51,100,3,377,0,20
3117,0,101,200,3,377,0,5
3117,0,1,20,1,10008,0,3
3117,0,21,100,1,10008,0,1
3117,0,101,1000,1,10003,0,1
3117,1,0,0,3,3,0,2
3117,2,0,0,3,9,0,20
3117,2,0,0,2,5011,0,3
3117,2,0,0,3,378,0,50
3117,3,0,0,3,9,0,1
3118,0,1,10,3,377,0,100
3118,0,11,50,3,377,0,50
3118,0,51,100,3,377,0,20
3118,0,101,200,3,377,0,5
3118,0,1,20,1,10009,0,3
3118,0,21,100,1,10009,0,1
3118,0,101,1000,1,10004,0,1
3118,1,0,0,3,3,0,2
3118,2,0,0,3,9,0,20
3118,2,0,0,2,5012,0,3
3118,2,0,0,3,378,0,50
3118,3,0,0,3,9,0,1
3119,0,1,10,3,377,0,100
3119,0,11,50,3,377,0,50
3119,0,51,100,3,377,0,20
3119,0,101,200,3,377,0,5
3119,0,1,20,1,10010,0,3
3119,0,21,100,1,10010,0,1
3119,0,101,1000,1,10005,0,1
3119,1,0,0,3,3,0,2
3119,2,0,0,3,9,0,20
3119,2,0,0,2,5005,0,3
3119,2,0,0,3,378,0,50
3119,3,0,0,3,9,0,1
3120,0,1,10,3,377,0,100
3120,0,11,50,3,377,0,50
3120,0,51,100,3,377,0,20
3120,0,101,200,3,377,0,5
3120,0,1,20,1,10006,0,3
3120,0,21,100,1,10006,0,1
3120,0,101,1000,1,10001,0,1
3120,1,0,0,3,3,0,2
3120,2,0,0,3,9,0,20
3120,2,0,0,2,5006,0,3
3120,2,0,0,3,378,0,50
3120,3,0,0,3,9,0,1
3121,0,1,10,3,377,0,100
3121,0,11,50,3,377,0,50
3121,0,51,100,3,377,0,20
3121,0,101,200,3,377,0,5
3121,0,1,20,1,10007,0,3
3121,0,21,100,1,10007,0,1
3121,0,101,1000,1,10002,0,1
3121,1,0,0,3,3,0,2
3121,2,0,0,3,9,0,20
3121,2,0,0,2,5007,0,3
3121,2,0,0,3,378,0,50
3121,3,0,0,3,9,0,1
3122,0,1,10,3,377,0,100
3122,0,11,50,3,377,0,50
3122,0,51,100,3,377,0,20
3122,0,101,200,3,377,0,5
3122,0,1,20,1,10008,0,3
3122,0,21,100,1,10008,0,1
3122,0,101,1000,1,10003,0,1
3122,1,0,0,3,3,0,2
3122,2,0,0,3,9,0,20
3122,2,0,0,2,5008,0,3
3122,2,0,0,3,378,0,50
3122,3,0,0,3,9,0,1
3123,0,1,20,1,10006,0,3
3123,0,21,100,1,10006,0,1
3123,0,101,1000,1,10001,0,1
3123,1,0,0,3,3,0,2
3123,2,0,0,3,9,0,20
3123,2,0,0,2,5009,0,3
3123,2,0,0,3,4,0,3
3123,3,0,0,3,9,0,1
3124,0,1,20,1,10007,0,3
3124,0,21,100,1,10007,0,1
3124,0,101,1000,1,10002,0,1
3124,1,0,0,3,3,0,2
3124,2,0,0,3,9,0,20
3124,2,0,0,2,5010,0,3
3124,2,0,0,3,4,0,3
3124,3,0,0,3,9,0,1
3125,0,1,20,1,10008,0,3
3125,0,21,100,1,10008,0,1
3125,0,101,1000,1,10003,0,1
3125,1,0,0,3,3,0,2
3125,2,0,0,3,9,0,20
3125,2,0,0,2,5011,0,3
3125,2,0,0,3,4,0,3
3125,3,0,0,3,9,0,1
3126,0,1,20,1,10009,0,3
3126,0,21,100,1,10009,0,1
3126,0,101,1000,1,10004,0,1
3126,1,0,0,3,3,0,2
3126,2,0,0,3,9,0,20
3126,2,0,0,2,5012,0,3
3126,2,0,0,3,4,0,3
3126,3,0,0,3,9,0,1
3127,0,1,10,3,384,0,100
3127,0,11,50,3,384,0,50
3127,0,51,100,3,384,0,20
3127,0,101,200,3,384,0,5
3127,0,1,20,1,10006,0,3
3127,0,21,100,1,10006,0,1
3127,0,101,1000,1,10001,0,1
3127,1,0,0,3,3,0,2
3127,2,0,0,3,9,0,10
3127,2,0,0,2,6000,0,2
3127,2,0,0,3,385,0,50
3127,3,0,0,3,9,0,1
3128,0,1,10,3,384,0,100
3128,0,11,50,3,384,0,50
3128,0,51,100,3,384,0,20
3128,0,101,200,3,384,0,5
3128,0,1,20,1,10007,0,3
3128,0,21,100,1,10007,0,1
3128,0,101,1000,1,10002,0,1
3128,1,0,0,3,3,0,2
3128,2,0,0,3,9,0,10
3128,2,0,0,2,6001,0,2
3128,2,0,0,3,385,0,50
3128,3,0,0,3,9,0,1
3129,0,1,10,3,384,0,100
3129,0,11,50,3,384,0,50
3129,0,51,100,3,384,0,20
3129,0,101,200,3,384,0,5
3129,0,1,20,1,10008,0,3
3129,0,21,100,1,10008,0,1
3129,0,101,1000,1,10003,0,1
3129,1,0,0,3,3,0,2
3129,2,0,0,3,9,0,10
3129,2,0,0,2,6002,0,2
3129,2,0,0,3,385,0,50
3129,3,0,0,3,9,0,1
3130,0,1,10,3,384,0,100
3130,0,11,50,3,384,0,50
3130,0,51,100,3,384,0,20
3130,0,101,200,3,384,0,5
3130,0,1,20,1,10009,0,3
3130,0,21,100,1,10009,0,1
3130,0,101,1000,1,10004,0,1
3130,1,0,0,3,3,0,2
3130,2,0,0,3,9,0,10
3130,2,0,0,2,6003,0,2
3130,2,0,0,3,385,0,50
3130,3,0,0,3,9,0,1
3131,0,1,20,1,10006,0,3
3131,0,21,100,1,10006,0,1
3131,0,101,1000,1,10001,0,1
3131,1,0,0,3,3,0,2
3131,2,0,0,3,9,0,10
3131,2,0,0,2,6000,0,2
3131,2,0,0,3,4,0,3
3131,3,0,0,3,9,0,1
3132,0,1,20,1,10007,0,3
3132,0,21,100,1,10007,0,1
3132,0,101,1000,1,10002,0,1
3132,1,0,0,3,3,0,2
3132,2,0,0,3,9,0,10
3132,2,0,0,2,6001,0,2
3132,2,0,0,3,4,0,3
3132,3,0,0,3,9,0,1
3133,0,1,20,1,10008,0,3
3133,0,21,100,1,10008,0,1
3133,0,101,1000,1,10003,0,1
3133,1,0,0,3,3,0,2
3133,2,0,0,3,9,0,10
3133,2,0,0,2,6002,0,2
3133,2,0,0,3,4,0,3
3133,3,0,0,3,9,0,1
3134,0,1,20,1,10009,0,3
3134,0,21,100,1,10009,0,1
3134,0,101,1000,1,10004,0,1
3134,1,0,0,3,3,0,2
3134,2,0,0,3,9,0,10
3134,2,0,0,2,6003,0,2
3134,2,0,0,3,4,0,3
3134,3,0,0,3,9,0,1
